sample,standard_deviation,growth_rate_max,local_threshold,harvest_max,harvest_z,density,niche_breadth,niche_cuts,dispersal_proportion,dispersal_max_distance,human_density_sample,weight
259,0.010235657,4.488,79,0.122,1.629,2344.622961,40,602,0.225788664,452.353597,0.015267685,0.084760568
14757,0.129113059,2.033,64,0.145,1.781,706.8121085,40,604,0.150203367,363.2847449,0.792586172,0.014704651
376,0.116317893,1.899,9,0.008,1.024,1577.017434,50,502,0.059427382,206.1490962,0.972531502,0.167993857
4287,0.069769591,6.095,0,0.186,1.698,3680.768983,50,222,0.213940141,258.8005564,0.904993666,0.10290999
7974,0.010955879,4.759,1,0.174,1.132,2984.739453,50,174,0.223527759,298.9371141,0.053936929,0.006049482
8445,0.117937126,6.141,4,0.167,1.286,2250.141401,50,117,0.182989752,376.4684223,0.451230082,0.007769263
9101,0.169341904,3.566,59,0.343,1.663,2805.452252,50,503,0.060314635,286.5485128,0.238615908,0.047779107
9140,0.049886294,6.185,1,0.16,1.298,1809.172856,50,89,0.074592317,203.4213348,0.358557237,0.01693512
10979,0.100199902,3.729,2,0.266,1.944,3406.675701,50,96,0.211932346,286.9494608,0.506500433,0.046623745
11481,0.056251887,4.492,90,0.265,1.616,1052.49476,50,504,0.119561502,153.6702341,0.297286486,0.12599189
11961,0.169216976,5.678,7,0.043,1.949,3736.137192,50,85,0.200718063,316.5414776,0.68504567,0.003801065
13313,0.1295518,6.632,1,0.13,1.65,2008.145173,50,115,0.211629987,209.2940311,0.562837523,0.03709098
92,0.121272982,2.114,0,0.286,1.938,2350.254797,60,99,0.224958035,290.8110757,0.472498167,0.378191754
139,0.133696181,6.833,50,0.139,1.713,4217.209176,60,2,0.104770353,250.4287977,0.209413961,0.002817673
151,0.072473001,4.523,0,0.248,1.402,6564.975652,60,131,0.246503417,266.0086946,0.512234149,0.138877818
168,0.08877429,2.594,1,0.236,1.951,3663.547814,60,242,0.245512226,407.4221415,0.84525635,0.313431494
182,0.154924745,5.452,6,0.342,1.667,5096.885197,60,175,0.082687679,160.285736,0.970198013,0.007066209
201,0.004009675,1.843,10,0.07,1.775,2360.679281,60,82,0.246924918,169.5236077,0.578371891,0.180339157
209,0.02139546,5.422,18,0.195,1.049,3698.921789,60,45,0.191630551,460.4884289,0.926528435,0.000749481
408,0.139817102,3.498,5,0.095,1.906,4224.068846,60,142,0.112897736,391.3359821,0.283352223,0.047431384
638,0.029975899,5.791,9,0.303,1.39,6950.327486,60,207,0.218085126,491.4737209,0.267417828,0.329429767
680,0.039507986,2.309,2,0.258,1.581,3497.612365,60,126,0.167547969,435.3334087,0.140276018,0.123825044
891,0.142465043,1.746,1,0.308,1.961,3471.29538,60,114,0.213643299,100.8476554,0.71144743,0.03594156
899,0.03459987,4.205,28,0.29,1.713,3829.952449,60,29,0.238214461,315.1150527,0.790719381,0.020595678
1014,0.038855014,1.368,20,0.106,1.93,1592.312682,60,23,0.066458356,208.6058707,0.377291819,0.144108837
1333,0.063442382,3.886,21,0.147,1.822,3013.606992,60,12,0.191546828,490.0809969,0.634975665,0.033258444
1413,0.107497674,5.923,31,0.211,1.785,1687.316099,60,51,0.141987275,171.9015613,0.254483632,0.055738136
1452,0.082202747,4.177,17,0.133,1.741,4328.795194,60,42,0.185482019,310.8319364,0.586239083,0.048058345
1455,0.174647973,4.392,8,0.32,1.842,981.3841995,60,18,0.090378712,486.78445,0.077738516,0.164618771
1496,0.069526891,2.856,82,0.059,1.57,3404.909561,60,14,0.077151005,129.0552403,0.582305487,0.028765214
1661,0.006622903,4.288,5,0.11,1.395,2781.122509,60,102,0.097399499,128.5850913,0.690979399,0.005041446
1720,0.130680208,4.733,29,0.167,1.947,1164.488786,60,101,0.213998014,171.1054386,0.427495166,0.001045334
1924,0.061235037,5.165,2,0.3,1.36,1111.543719,60,37,0.074020057,251.0059683,0.716581105,0.13240238
2117,0.112313398,2.199,7,0.023,1.883,1551.247505,60,71,0.175885903,176.0859201,0.477298487,0.206807602
2328,0.125775454,5.199,8,0.346,1.023,1195.79513,60,9,0.231387206,317.8766289,0.310354024,0.075258615
2550,0.059370197,1.94,8,0.217,1.783,5201.446139,60,199,0.195925609,480.4877342,0.20814721,0.042542304
2576,0.10181107,2.074,0,0.264,1.236,7392.887105,60,173,0.149295472,325.5464447,0.054803654,0.445949288
2894,0.150187746,4.008,8,0.298,1.464,9316.868862,60,204,0.216389101,381.3217528,0.424628309,0.323359261
2915,0.056980493,6.665,48,0.012,1.249,1328.048098,60,36,0.233206166,321.5202976,0.549036602,0.036215055
3027,0.089496779,1.688,18,0.13,1.848,1192.97435,60,63,0.183468395,441.4850904,0.860057337,0.023213045
3223,0.052948205,3.848,6,0.121,1.71,2141.448093,60,81,0.071860967,389.7268881,0.399693313,0.023932687
3227,0.003470656,4.912,1,0.25,1.892,2736.203397,60,50,0.092919217,235.2889347,0.402160144,0.270789454
3255,0.106288181,4.623,8,0.192,1.517,6053.832881,60,179,0.190430918,249.7583684,0.100740049,0.08838399
3257,0.125417619,1.61,14,0.053,1.62,4304.672444,60,21,0.228912712,210.9622928,0.53810254,0.066375816
3344,0.150183708,5.016,6,0.071,1.086,2172.613883,60,45,0.10231337,441.4587015,0.753583572,0.070645996
3524,0.101851097,4.91,4,0.348,1.755,5925.325818,60,209,0.137877641,367.4968321,0.093406227,0.180594498
3617,0.116249162,4.874,79,0.069,1.734,2067.414603,60,43,0.121202494,245.0572618,0.836789119,0.017636882
3629,0.043453085,5.13,57,0.177,1.811,1968.200261,60,42,0.051637133,272.983221,0.597373158,0.019872143
4114,0.051385032,6.252,24,0.154,1.867,3083.317994,60,20,0.233955718,119.1482557,0.096673112,0.090343861
4187,0.155169458,6.53,1,0.198,1.821,3197.175034,60,36,0.096824451,446.7342665,0.090539369,0.162004481
4486,0.014345312,6.375,19,0.032,1.352,1050.289467,60,103,0.064673733,449.0097569,0.197813188,0.00094935
4591,0.16322904,3.54,63,0.033,1.725,3022.372987,60,15,0.110302331,420.2962624,0.72164811,0.021949171
4611,0.034936848,2.821,13,0.226,1.225,6798.37237,60,157,0.199224838,298.4114006,0.038535902,0.015711293
4696,0.144395691,4.547,0,0.342,1.699,5563.919051,60,26,0.072968517,176.8065826,0.782118808,0.049658616
4737,0.128555641,2.855,11,0.128,1.993,1250.741919,60,8,0.151990412,426.5112302,0.153676912,0.087156391
4739,0.108163719,3.203,80,0.237,1.974,2378.977912,60,44,0.175629327,323.5652498,0.383758917,0.009685635
4831,0.009267008,1.594,21,0.137,1.722,939.2318592,60,61,0.159470108,465.74417,0.433495566,0.025423535
4877,0.119353491,6.16,9,0.291,1.563,8451.105647,60,171,0.246995255,414.1251192,0.664844323,0.333289524
5050,0.114076358,6.512,12,0.078,1.785,2793.911495,60,80,0.172144309,289.5021387,0.796519768,0.149285961
5067,0.003806933,4.011,123,0.01,1.672,1259.814295,60,58,0.183346031,341.343881,0.059270618,0.013990537
5143,0.166037787,2.548,6,0.31,1.64,1924.37764,60,18,0.219582091,174.0530372,0.488165878,0.152961576
5232,0.153272633,5.767,3,0.325,1.656,2455.046931,60,48,0.098642888,311.344475,0.775585039,0.281554994
5394,0.161140078,3.892,3,0.166,1.399,1828.308102,60,40,0.085806257,295.8341102,0.693112874,0.250438415
5406,0.017224989,1.576,53,0.204,1.88,5075.198359,60,11,0.210364223,382.0024159,0.863057537,0.011284071
5430,0.093118494,3.103,4,0.239,1.017,5182.723448,60,16,0.221319479,162.669875,0.838989266,0.004212303
5471,0.099418603,1.995,9,0.206,1.894,960.6475062,60,31,0.242452042,427.3903059,0.187279152,0.105160875
5521,0.081103846,4.263,24,0.345,1.376,3159.255457,60,7,0.11376358,269.543085,0.081138743,0.087669798
5751,0.03375416,4.485,11,0.284,1.426,7314.016901,60,137,0.090200566,335.5741916,0.536769118,0.031862239
5774,0.076277696,1.58,48,0.039,1.537,2912.395053,60,53,0.189486672,483.7610687,0.344022935,0.005344212
6040,0.050359667,6.789,16,0.197,1.344,4551.40372,60,76,0.228632017,376.4546346,0.645509701,0.043074023
6243,0.064354749,5.668,12,0.072,1.879,1781.189128,60,42,0.140791528,117.5394297,0.415494366,0.082395492
6247,0.000520754,3.437,23,0.117,1.361,7700.453581,60,132,0.180312421,149.5464341,0.782518835,0.000690474
6368,0.006045292,3.769,110,0.025,1.032,2349.331749,60,45,0.150448049,297.8397197,0.726781785,0.003864206
6424,0.050576968,3.884,34,0.183,1.31,5255.864507,60,2,0.074189368,434.3669788,0.368624575,0.004957161
6495,0.013161842,4.82,51,0.283,1.916,1585.975175,60,46,0.162946155,399.7681863,0.172544836,0.023855315
6507,0.048087558,5.838,17,0.164,1.889,1252.762262,60,25,0.100094181,278.4753741,0.699179945,0.061923613
6543,0.113702205,3.005,13,0.12,1.444,1188.902643,60,107,0.132294374,355.4873376,0.330422028,0.022702946
6691,0.104719357,2.581,58,0.105,1.83,1803.697318,60,26,0.128728454,494.9669381,0.687245816,0.001430713
6820,0.145036797,4.637,5,0.222,1.776,5793.516064,60,158,0.234273291,439.7551316,0.839322622,0.375273077
6958,0.005930241,6.347,27,0.107,1.563,1067.033837,60,100,0.189902826,466.1237928,0.19434629,0.000807416
7026,0.061839908,4.72,5,0.255,1.722,9812.62183,60,162,0.155202368,393.6078816,0.556437096,0.030054565
7087,0.067848813,4.308,10,0.282,1.167,2575.343452,60,61,0.229817341,252.6178399,0.529968665,0.083348835
7139,0.118241424,3.368,12,0.008,1.062,1528.683119,60,76,0.155485901,118.7877608,0.012134142,0.026430004
7262,0.066760836,3.388,2,0.227,1.458,2830.612524,60,100,0.092722723,270.168714,0.286085739,0.154867424
7430,0.029736122,2.906,25,0.125,1.719,1570.610912,60,18,0.178730218,380.1652432,0.780052003,0.128572244
7449,0.062622202,4.633,5,0.058,1.837,3997.065953,60,172,0.097869844,306.9991684,0.43129542,0.108983192
7586,0.157003269,5.809,15,0.154,1.572,1311.464582,60,12,0.133969652,399.3275142,0.137009134,0.147886132
7889,0.042303884,3.096,7,0.05,1.294,7182.489687,60,216,0.12634255,376.2754144,0.982332155,0.043270075
8071,0.026371174,6.156,8,0.106,1.776,1358.991289,60,3,0.11703656,470.349107,0.171944796,0.082952089
8168,0.11329377,4.428,15,0.178,1.435,7240.856982,60,186,0.175279761,310.2041166,0.235415694,0.136671881
8320,0.119310842,3.364,51,0.073,1.548,2935.913827,60,31,0.249098354,122.3075488,0.228681912,0.014569308
8375,0.102515548,6.63,5,0.24,1.407,4017.664325,60,81,0.211319864,333.0550082,0.323021535,0.078911631
8520,0.000727376,6.129,17,0.303,1.609,2978.553734,60,41,0.202550033,451.0201432,0.472564838,0.089451037
8668,0.072774482,1.291,1,0.317,1.635,9649.014525,60,214,0.086900137,240.6256498,0.831388759,0.12059371
8678,0.092659505,3.771,63,0.118,1.863,4353.780639,60,6,0.226785492,435.3314385,0.807187146,0.023909742
9063,0.045291752,5.945,6,0.227,1.444,2616.773821,60,98,0.132407486,415.9857597,0.91959464,0.06648481
9460,0.06522011,5.895,1,0.307,1.592,2832.188491,60,77,0.210489695,104.8098088,0.519301287,0.155699815
9782,0.092277741,3.4,2,0.28,1.344,4286.116018,60,149,0.171697621,440.1687861,0.629908661,0.241266792
9846,0.065447857,5.84,3,0.055,1.338,5904.872154,60,181,0.208281303,439.4275805,0.551836789,0.131200089
9864,0.066175458,4.768,3,0.328,1.943,5393.751764,60,16,0.193235984,149.3234342,0.747183146,0.032539491
10008,0.044969574,5.657,4,0.239,1.474,3922.402553,60,19,0.078137712,419.6399476,0.939929329,0.068691926
10017,0.147191916,4.395,110,0.181,1.92,2210.8321,60,46,0.10771426,389.2916064,0.140742716,0.000425765
10054,0.165015044,4.222,79,0.028,1.263,2294.597588,60,38,0.075797446,253.8817174,0.281752117,0.009237291
10059,0.035173331,6.773,16,0.051,1.975,3941.100942,60,32,0.216057558,169.5634621,0.068804587,0.031136444
10250,0.141767491,4.963,6,0.146,1.858,3744.406471,60,25,0.07806008,158.9782036,0.571171411,0.095347655
10284,0.054772281,5.014,10,0.219,1.633,8770.657411,60,200,0.203823974,204.9555432,0.859723982,0.369331095
10292,0.013867885,1.552,2,0.202,1.447,1177.737038,60,104,0.064973237,323.820592,0.155410361,0.09732127
10415,0.083614104,2.046,7,0.091,1.315,5822.436886,60,215,0.167904127,425.9557647,0.450296686,0.103760287
10656,0.056015621,3.559,93,0.167,1.668,3620.817709,60,8,0.181198442,310.4428477,0.205813721,0.01374714
10745,0.100184054,4.517,3,0.34,1.957,3166.856585,60,92,0.228815811,262.8887138,0.487765851,0.17064499
10750,0.001550024,3.986,3,0.328,1.432,1102.78621,60,88,0.216411778,462.538454,0.47929862,0.27671737
10756,0.011020383,1.759,66,0.027,1.934,3214.497677,60,14,0.066239706,110.2296567,0.507700513,0.041664185
10772,0.118829745,3.223,3,0.29,1.628,4162.988129,60,199,0.229937479,153.1187009,0.151210081,0.430747939
10849,0.131472509,3.824,17,0.042,1.183,3503.38339,60,17,0.147742834,158.7483538,0.130875392,0.070499992
10868,0.169987993,1.741,1,0.032,1.64,4358.377339,60,222,0.195532046,177.516543,0.209147276,0.219908904
10907,0.17131043,1.367,52,0.168,1.918,2357.16591,60,35,0.212769075,197.3455628,0.087672512,0.002646278
10988,0.142194793,4.795,61,0.035,1.319,3917.295436,60,3,0.208729633,145.8457466,0.951596773,0.035556099
11030,0.033968275,6.837,9,0.137,1.258,2872.059341,60,11,0.199316858,483.1361823,0.169877992,0.175288875
11350,0.008069876,5.909,7,0.099,1.795,4174.50951,60,21,0.124243268,490.3964946,0.547036469,0.036460045
11398,0.1728002,4.375,73,0.033,1.504,1739.788728,60,47,0.202259607,109.1691299,0.72464831,0.010409156
11627,0.000962732,3.641,0,0.002,1.817,1372.998817,60,94,0.081786039,213.8135552,0.69584639,0.303242314
11736,0.136906876,5.772,35,0.112,1.199,1142.246275,60,74,0.061525191,134.2726344,0.229281952,0.008244063
11798,0.159440672,2.92,12,0.343,1.688,5958.754649,60,166,0.236132016,398.8950685,0.147676512,0.219097439
11848,0.022503404,6.416,3,0.054,1.381,2151.606156,60,177,0.093315806,195.4354068,0.625041669,0.311061783
11890,0.162384415,2.987,10,0.229,1.534,5083.729388,60,152,0.205249052,281.3727009,0.114674312,0.132780448
12273,0.165263651,3.434,1,0.306,1.792,4917.160497,60,178,0.059759508,342.074949,0.133142209,0.275380897
12627,0.091413285,4.144,21,0.017,1.32,2793.421825,60,20,0.115313105,273.8097525,0.729048603,0.024413238
12769,0.17410354,2.879,1,0.273,1.176,6425.851598,60,184,0.209977866,232.1583621,0.391226082,0.082077996
12954,0.171972035,3.5,3,0.002,1.307,1992.16521,60,62,0.12935599,363.6717867,0.487432495,0.292098488
12966,0.157467797,3.319,40,0.345,1.391,4291.334384,60,8,0.072957099,118.1730599,0.170878059,0.039684033
12970,0.037366054,2.414,27,0.265,1.555,4528.889303,60,3,0.20307154,353.5704904,0.107473832,0.002157947
12980,0.007986234,1.765,16,0.259,1.892,9515.61508,60,217,0.232987163,298.4316645,0.334488966,0.034864683
12989,0.171159758,6.437,2,0.14,1.866,6801.276177,60,234,0.19478079,394.243751,0.34015601,0.195722
13049,0.148968884,3.545,53,0.105,1.918,3752.510718,60,20,0.210684123,112.879161,0.360890726,0.00881734
13130,0.028953766,2.912,12,0.013,1.437,1646.034566,60,95,0.185870313,113.2416723,0.186279085,0.018514477
13267,0.092217951,6.148,66,0.016,1.399,3614.578564,60,11,0.101466066,350.1657754,0.68024535,0.015541118
13350,0.158033918,4.48,38,0.029,1.477,1774.62792,60,47,0.058302355,316.0370763,0.638442563,0.009139643
13374,0.000434526,3.903,4,0.2,1.843,6170.038998,60,144,0.200793017,220.4775541,0.738382559,0.116690128
13404,0.107035456,5.163,21,0.213,1.173,9727.064101,60,184,0.175475151,327.1489344,0.293019535,0.085314318
13499,0.014119177,4.061,25,0.17,1.395,1649.383442,60,67,0.119093572,134.9280487,0.011867458,0.027019228
14086,0.167879262,3.549,8,0.281,1.361,5223.982311,60,61,0.155660213,439.5973545,0.643376225,0.009720068
14241,0.067282036,1.389,2,0.108,1.733,4667.690889,60,26,0.154212384,158.7025352,0.160610707,0.045476937
14250,0.103986674,5.606,29,0.186,1.262,3352.00852,60,5,0.163056954,396.6297041,0.641976132,0.071556686
14360,0.041715381,3.393,3,0.272,1.605,797.290526,60,89,0.231229283,423.2375937,0.661777452,0.290935278
14545,0.109767651,3.23,34,0.019,1.891,1913.203153,60,21,0.213764634,157.2462593,0.60170678,0.135243116
14894,0.161899955,3.109,165,0.007,1.285,2426.73736,60,44,0.161231146,218.9319672,0.162010801,0.002565448
14918,0.124664049,3.423,5,0.269,1.752,6432.365214,60,12,0.182568657,246.0292025,0.738515901,0.000241821
1,0.063867882,2.644,12,0.161,1.973,1266.392966,70,56,0.217231305,452.8313445,0.589305954,0.126707327
14,0.070121255,6.428,16,0.146,1.698,2223.241252,70,2,0.128327444,185.7570207,0.369224615,0.0599064
118,0.15968917,2.672,19,0.239,1.519,3607.174488,70,64,0.229517449,417.2611526,0.602506834,0.066918116
172,0.167227173,4.863,3,0.12,1.303,6147.031815,70,177,0.145950933,317.0205334,0.20934729,0.252874242
179,0.054511689,4.832,44,0.127,1.778,1785.507307,70,28,0.093688941,266.4045279,0.887192479,0.132820871
266,0.030860537,5.066,2,0.344,1.246,5850.325571,70,200,0.217400147,447.8632024,0.408093873,0.250890249
340,0.165021387,2.376,110,0.039,1.963,1365.724136,70,4,0.170776775,338.6178768,0.963330889,0.033691865
463,0.014715288,5.677,32,0.217,1.583,2501.061553,70,17,0.117396794,147.8743915,0.371091406,0.060643962
736,0.118999123,2.743,21,0.146,1.568,1297.852413,70,47,0.24589298,272.3775791,0.562970865,0.026658042
763,0.098753163,6.549,6,0.082,1.201,5899.548375,70,167,0.137739691,468.6525953,0.740916061,0.419894691
861,0.081253078,3.734,78,0.164,1.765,3063.807349,70,15,0.181987752,434.7335636,0.827055137,0.012592514
954,0.05012572,6.358,146,0.043,1.654,2191.748942,70,24,0.05486733,493.3158822,0.264017601,0.026303616
985,0.1493394,6.079,60,0.06,1.315,1519.515484,70,2,0.105595698,263.4065558,0.476098407,0.075104054
1063,0.12680912,5.733,45,0.233,1.374,1185.914773,70,27,0.185859472,312.4508043,0.316354424,0.004319674
1150,0.149435447,4.364,13,0.332,1.447,2595.127747,70,78,0.1133413,214.3045651,0.142942863,0.019047262
1176,0.093387656,4.78,15,0.167,1.426,2688.094144,70,63,0.182462201,373.7520235,0.260684046,0.082488308
1183,0.157408556,2.309,69,0.027,1.731,1421.771993,70,10,0.189627785,161.0750722,0.71624775,0.100064322
1212,0.131420753,1.978,136,0.033,1.363,2246.751145,70,32,0.140982059,339.5172133,0.016134409,0.005810787
1262,0.147769835,3.894,98,0.023,1.234,2495.706339,70,13,0.179223897,225.7465918,0.581105407,0.030843169
1316,0.152200672,2.629,167,0.051,1.906,2563.06196,70,16,0.237344032,249.1691172,0.646443096,0.006537363
1332,0.04566676,4.918,17,0.146,1.357,6698.06161,70,166,0.248482039,485.5543827,0.571304754,0.308600097
1489,0.0533006,2.783,44,0.099,1.384,2141.057875,70,25,0.082678444,449.2278582,0.757783852,0.013248153
1558,0.169613324,3.908,65,0.182,1.571,1617.684352,70,32,0.248846794,443.6891274,0.291686112,0.108108193
1774,0.019035225,4.664,13,0.282,1.402,3766.132086,70,82,0.132415628,265.174665,0.429761984,0.049137958
1883,0.155923963,1.617,7,0.215,1.679,9575.341999,70,148,0.142859041,341.5602434,0.724781652,0.388069314
1921,0.011068178,4.289,1,0.23,1.972,6825.974533,70,238,0.18980911,354.7687729,0.299553304,0.221437485
1970,0.069097594,3.921,63,0.039,1.921,1148.08246,70,12,0.247409933,368.9673071,0.609773985,0.107104431
2016,0.129111531,4.356,92,0.085,1.667,2236.802029,70,53,0.119679342,239.7579299,0.201280085,0.009057385
2078,0.071998913,4.878,60,0.207,1.977,1838.946071,70,61,0.228040663,318.4017003,0.313220881,0.036912422
2118,0.089176476,5.09,56,0.245,1.745,1701.985888,70,63,0.054822631,169.3405849,0.118741249,0.00875929
2150,0.139493395,3.92,8,0.137,1.718,2804.631276,70,19,0.21564865,295.20022,0.121808121,0.114045863
2229,0.141718202,4.729,55,0.098,1.37,1620.227089,70,38,0.143788953,169.5949084,0.738715914,0.035045989
2250,0.145521295,6.741,29,0.06,1.521,2537.104681,70,3,0.083428021,263.8635173,0.514634309,0.041955845
2265,0.028910608,4.267,7,0.313,1.344,7671.727155,70,145,0.071483133,257.6996223,0.547503167,0.149739557
2308,0.083649169,6.645,125,0.059,1.102,2297.785298,70,38,0.088465799,228.4651106,0.592839523,0.015708394
2319,0.045819872,2.682,4,0.27,1.359,8855.604456,70,155,0.158656498,479.5611044,0.737782519,0.32402164
2323,0.149201086,6.689,3,0.063,1.865,2465.477902,70,78,0.16250905,330.3653637,0.894192946,0.16174989
2352,0.01757745,6.088,140,0.323,1.666,1610.281264,70,12,0.215639859,452.5787007,0.064070938,0.021600593
2582,0.024800722,5.268,5,0.072,1.271,9101.707529,70,205,0.249931336,213.4627979,0.619841323,0.074450034
2604,0.094657077,3.182,5,0.241,1.478,4046.487472,70,123,0.198457154,473.0123373,0.250350023,0.188875139
2704,0.04652027,4.902,5,0.292,1.605,3041.209153,70,171,0.241052165,479.2005531,0.355090339,0.537320369
2727,0.010597842,6.453,5,0.222,1.46,3284.739325,70,82,0.168676739,466.4645266,0.308553904,0.072523482
2845,0.037393315,2.438,6,0.144,1.97,6633.057898,70,198,0.220090127,436.905905,0.39409294,0.084367459
2852,0.051256501,5.707,4,0.205,1.91,1621.969517,70,161,0.211340459,195.9159506,0.712780852,0.437760421
3009,0.041175064,1.635,102,0.064,1.516,1345.978206,70,45,0.125988971,358.9909019,0.013467565,0.076374937
3071,0.114743984,3.914,1,0.183,1.296,1555.012936,70,130,0.223064444,136.4403718,0.644176278,0.054730273
3093,0.119009049,5.953,2,0.138,1.676,7100.16917,70,167,0.080787016,404.3523999,0.994066271,0.400020529
3095,0.117616832,3.122,37,0.009,1.135,1459.968488,70,70,0.192628149,116.7346566,0.943396226,0.007677878
3176,0.024282086,5.539,10,0.079,1.629,1372.43955,70,64,0.232051622,112.7133007,0.914527635,0.222894462
3195,0.076100972,4.791,7,0.213,1.876,4120.181526,70,163,0.140236485,201.5715499,0.998333222,0.397920006
3207,0.153803603,4.511,3,0.053,1.824,1903.440173,70,157,0.116637241,366.3864433,0.75885059,0.527163982
3219,0.046136039,4.493,68,0.009,1.742,1311.219297,70,68,0.115902483,454.562669,0.214947663,0.048576477
3308,0.170095704,3.113,7,0.109,1.943,4452.54736,70,189,0.23269136,140.988446,0.73484899,0.23151868
3364,0.129344753,4.982,64,0.098,1.639,2323.574056,70,8,0.130307371,289.3572941,0.374158277,0.067903632
3408,0.011411364,6.098,1,0.209,1.775,2533.567418,70,53,0.055077296,138.8035748,0.638042536,0.145514986
3425,0.110052889,2.648,17,0.208,1.919,6235.869761,70,148,0.187792476,362.2664512,0.499166611,0.099574586
3924,0.161744568,6.174,2,0.191,1.751,985.7116337,70,128,0.228365604,354.3330368,0.866324422,0.923687608
3959,0.019879184,3.328,9,0.08,1.208,1770.031705,70,80,0.105831078,241.5134322,0.598306554,0.06616753
4128,0.040872859,1.826,23,0.053,1.33,2897.052824,70,4,0.15604793,160.269194,0.540302687,0.009714807
4221,0.157562084,3.167,6,0.203,1.597,6217.221849,70,176,0.226061919,199.3391433,0.357223815,0.363136536
4226,0.004602038,3.44,1,0.181,1.69,2494.026054,70,142,0.125124847,262.5057461,0.119874658,0.563634925
4412,0.112571801,1.823,3,0.126,1.841,2284.824495,70,85,0.066254728,212.9587079,0.668044536,0.356709666
4438,0.146343144,5.543,2,0.105,1.009,9473.010002,70,143,0.173871993,344.7297728,0.492299487,0.173256051
4442,0.024492805,4.188,8,0.057,1.717,5277.22155,70,163,0.23564408,364.2623427,0.733448897,0.146217721
4500,0.114834518,1.702,100,0.037,1.547,1547.00446,70,48,0.176354359,288.8069313,0.315421028,0.058820895
4515,0.106410902,1.55,5,0.205,1.79,7783.733818,70,145,0.160483482,268.5011239,0.97719848,0.50326946
4547,0.018935102,2.378,4,0.076,1.973,3093.333616,70,35,0.065802535,390.4110625,0.816787786,0.064488092
4632,0.046278066,5.369,50,0.049,1.326,2291.249951,70,20,0.113537261,478.1339512,0.271084739,0.057233267
4649,0.121583143,2.564,6,0.275,1.726,2484.146391,70,7,0.190687354,437.9783608,0.338222548,0.29579936
4659,0.137270744,2.375,44,0.027,1.182,2138.135931,70,8,0.059844703,469.3826608,0.753916928,0.092071323
4684,0.042974137,4.941,43,0.328,1.544,1066.170412,70,54,0.068504971,185.088944,0.245416361,0.024213725
4722,0.152558089,3.253,44,0.008,1.658,1946.611868,70,18,0.13514305,445.4562793,0.526768451,0.097755298
4786,0.063600914,3.117,9,0.122,1.672,657.9749048,70,34,0.169234257,403.3951266,0.84165611,0.153053565
4879,0.101648065,2.602,16,0.314,1.828,8129.680688,70,207,0.197811007,204.4963949,0.402426828,0.089141566
4894,0.069072356,6.815,9,0.082,1.239,7451.990152,70,190,0.247718714,469.7626269,0.74504967,0.297414374
4957,0.064913897,1.608,144,0.086,1.817,1460.436984,70,11,0.219425219,150.792271,0.019601307,0.059991626
5051,0.093088294,4.703,57,0.028,1.589,2243.26889,70,26,0.155829304,107.207614,0.5165011,0.040502742
5143,0.156376646,2.966,5,0.285,1.806,4415.963849,70,14,0.194696687,167.6601493,0.488165878,0.00488839
5146,0.025089685,4.25,62,0.139,1.762,2159.586446,70,57,0.055741321,472.381996,0.112540836,0.000842087
5168,0.002295861,5.62,15,0.044,1.928,2651.819727,70,130,0.208162973,165.042182,0.996933129,0.183397933
5261,0.130983437,4.506,14,0.013,1.555,1357.951128,70,19,0.147011199,276.8110778,0.862990866,0.073568237
5379,0.134554627,4.202,48,0.156,1.294,2001.544217,70,23,0.094003173,251.4617788,0.227548503,0.081205069
5392,0.102995963,2.929,18,0.202,1.753,2690.076124,70,26,0.094031566,203.1313154,0.765784386,0.061402214
5436,0.079220218,1.779,1,0.157,1.25,5183.701699,70,194,0.145138494,410.8044304,0.192879525,0.297123414
5493,0.020181006,2.325,24,0.201,1.993,1858.463991,70,60,0.127363653,359.5963208,0.255083672,0.03785223
5517,0.1292309,4.242,7,0.079,1.117,4169.702726,70,186,0.240911548,274.4469113,0.251283419,0.381596771
5636,0.125548601,3.862,22,0.181,1.571,2534.626813,70,5,0.24755006,151.7692043,0.102673512,0.122473192
5697,0.044530067,4.668,136,0.063,1.181,2045.996318,70,8,0.154281844,340.8926197,0.336022401,0.052228329
5965,0.089443255,4.908,20,0.176,1.566,1708.794409,70,29,0.093674063,291.8292754,0.247949863,0.13876303
6031,0.103689306,6.544,5,0.046,1.709,1691.455769,70,170,0.237561339,433.3982697,0.098673245,0.324136309
6176,0.092400217,3.983,20,0.154,1.387,743.2644135,70,29,0.067998388,292.1561375,0.498433229,0.037799271
6312,0.122537083,5.568,90,0.176,1.019,2309.532261,70,11,0.063712108,199.3034293,0.030468698,0.032979188
6352,0.048829893,2.892,13,0.091,1.131,2449.863936,70,92,0.181128446,345.0288763,0.183945596,0.123414114
6395,0.127470281,4.722,100,0.088,1.549,1269.374794,70,20,0.238091739,499.0129348,0.150810054,0.034506803
6516,0.13059507,1.637,11,0.299,1.827,2098.550257,70,80,0.197014538,189.8434836,0.380625375,0.249662216
6686,0.142862756,6.53,4,0.018,1.848,2820.61141,70,172,0.127476197,178.2725533,0.795986399,0.157611131
6771,0.120038518,2.111,2,0.279,1.66,1085.749517,70,45,0.098243621,473.5325737,0.5705047,0.407098531
6997,0.106667654,1.755,30,0.107,1.945,770.497704,70,39,0.132158689,223.8959206,0.667311154,0.113879156
7039,0.120033847,2.942,1,0.287,1.431,3929.108767,70,106,0.194093572,265.3700295,0.70604707,0.385567333
7094,0.062481834,2.948,50,0.173,1.862,1759.196627,70,3,0.186545354,268.2328229,0.188545903,0.127037643
7115,0.020195887,2.629,38,0.286,1.012,790.7876313,70,36,0.15779932,228.7621013,0.003133542,0.114527245
7140,0.123389595,2.853,22,0.162,1.525,1028.625728,70,33,0.229970002,444.8007914,0.197746516,0.111044799
7148,0.04301695,3.008,65,0.069,1.356,922.9440812,70,12,0.101036034,151.9891652,0.237415828,0.099605758
7149,0.018411364,3.234,1,0.033,1.699,1352.400712,70,121,0.232100344,478.6198539,0.514900993,0.736238439
7211,0.164033496,6.162,29,0.132,1.804,2483.638607,70,50,0.088321583,173.7338805,0.512767518,0.001537216
7452,0.01457906,1.737,7,0.269,1.436,9450.45624,70,165,0.128064289,207.4090924,0.560570705,0.075398724
7458,0.017750473,3.31,80,0.155,1.509,2840.568871,70,10,0.186846888,177.5297931,0.053003534,0.008506259
7551,0.096941347,2.21,2,0.084,1.091,3841.048157,70,134,0.205525337,177.7218753,0.527235149,0.076635826
7641,0.077264987,3.107,16,0.049,1.825,1442.606853,70,42,0.153584744,218.0325701,0.51590106,0.020055425
7651,0.068188279,4.342,26,0.037,1.685,1557.660411,70,45,0.222552634,380.2398253,0.501566771,0.053350851
7653,0.048400165,5.162,9,0.056,1.182,3527.083477,70,192,0.220305186,478.7352147,0.9759984,0.243639232
7786,0.089299941,3.172,96,0.124,1.692,2022.673909,70,19,0.103906465,146.3559348,0.118207881,0.051836659
7955,0.158317867,5.301,4,0.246,1.416,5558.477468,70,175,0.228177589,434.2157406,0.386959131,0.596765276
8092,0.047645235,5.842,111,0.031,1.455,1239.000199,70,13,0.107584852,320.7505376,0.304353624,0.070529578
8247,0.168392307,6.787,3,0.313,1.061,1809.951628,70,31,0.203029215,317.6504794,0.997133142,0.0879369
8258,0.025994499,5.93,177,0.022,1.565,2316.858739,70,17,0.201157314,227.8709734,0.942662844,0.022124769
8489,0.152731711,3.612,101,0.067,1.835,1622.839316,70,16,0.059739963,125.9084686,0.940062671,0.015488283
8843,0.023746983,6.471,42,0.104,1.706,1390.626889,70,64,0.060352805,324.0064652,0.956597106,0.045962351
8925,0.170773629,3.835,2,0.087,1.649,1007.12624,70,117,0.050941288,473.1971171,0.226281752,0.488916671
8979,0.068586597,1.813,2,0.105,1.401,3507.219968,70,171,0.245335558,169.4033245,0.548836589,0.415402144
9036,0.174614539,5.212,10,0.219,1.363,2668.968458,70,72,0.0939839,175.8802336,0.81345423,0.001256902
9042,0.124775072,4.654,20,0.226,1.398,7827.236593,70,133,0.210489027,267.2404911,0.5885059,0.163492307
9142,0.12257508,6.311,4,0.331,1.597,5234.157831,70,172,0.136814303,304.6492387,0.523768251,0.312095176
9296,0.027603036,2.539,38,0.3,1.769,1755.827437,70,34,0.10942665,292.1768688,0.505367024,0.064917219
10122,0.035825842,5.371,114,0.075,1.184,1649.134437,70,11,0.179599169,244.2090424,0.063737583,0.074022024
10215,0.119145561,6.474,5,0.154,1.47,2988.864732,70,34,0.149352291,487.4541491,0.322021468,0.088497491
10310,0.169897212,1.438,1,0.075,1.439,3917.554649,70,172,0.227717628,445.6969692,0.731648777,0.4177886
10328,0.064068883,6.725,11,0.153,1.988,3289.408412,70,180,0.18696951,197.6793866,0.28855257,0.131821212
10441,0.023629359,1.754,1,0.036,1.079,2195.839853,70,44,0.096583082,435.131929,0.49789986,0.267654079
10594,0.17109035,5.125,7,0.194,1.269,6352.467269,70,130,0.155235056,453.3728297,0.305487032,0.024063345
10633,0.075538056,6.411,19,0.343,1.155,3265.700773,70,75,0.242615319,145.6618859,0.364424295,0.022132402
10793,0.008606102,3.811,7,0.326,1.471,3318.374459,70,28,0.236700045,204.0281889,0.636775785,0.174990494
10842,0.07090705,6.825,170,0.022,1.501,2125.784563,70,18,0.196366617,447.9199165,0.845989733,0.048014365
10866,0.124978787,1.739,3,0.052,1.33,1666.543432,70,28,0.229236,270.7101883,0.596373092,0.397460803
10867,0.035265719,5.441,1,0.322,1.883,2131.64423,70,199,0.07756961,381.6523318,0.93219548,0.371781693
11003,0.049876154,2.464,50,0.077,1.482,1400.706298,70,58,0.068884871,188.8258502,0.499966664,0.068488518
11126,0.129260505,4.469,47,0.012,1.778,1383.10481,70,25,0.106760291,356.7045476,0.868324555,0.119852281
11171,0.029133603,2.049,16,0.284,1.906,782.1934039,70,49,0.115822855,431.9298474,0.503033536,0.100182875
11405,0.149480957,2.866,12,0.332,1.231,9626.812898,70,168,0.235539934,186.1232011,0.152143476,0.039998429
11473,0.119595433,3.415,91,0.257,1.941,2032.050063,70,48,0.173622212,290.716073,0.070338023,0.037334143
11495,0.014047108,5.511,2,0.296,1.654,1910.36601,70,92,0.236099806,217.1292787,0.204746983,0.395381599
11512,0.13901445,6.274,153,0.234,1.89,2841.634354,70,20,0.208135097,429.1140294,0.268951263,0.014044271
11521,0.037749807,2.376,31,0.197,1.8,2079.961536,70,61,0.155654701,419.0810139,0.184878992,0.007685614
11834,0.148492227,2.83,84,0.223,1.968,1702.664954,70,3,0.129956561,145.47154,0.33475565,0.076288636
11910,0.083960335,2.775,59,0.133,1.861,3066.324597,70,30,0.222645505,328.9851901,0.932528835,0.013547255
12093,0.098472099,2.243,4,0.293,1.686,4921.614308,70,94,0.129094413,227.7152609,0.590839389,0.06965271
12098,0.077401208,4.745,25,0.213,1.141,6489.361503,70,140,0.242212732,495.2697129,0.27595173,0.020045418
12234,0.036555981,5.422,38,0.114,1.549,1792.946407,70,60,0.064223464,343.3579672,0.246749783,0.035864868
12268,0.065086942,1.551,1,0.093,1.198,6451.206203,70,139,0.07995852,387.5525355,0.951130075,0.005516013
12285,0.005536317,3.262,2,0.069,1.798,2016.456067,70,99,0.220708183,388.9301374,0.128608574,0.318526069
12332,0.090687514,5.261,9,0.073,1.639,4925.018973,70,177,0.186309986,160.1968639,0.181278752,0.020522514
12339,0.028471913,3.131,1,0.179,1.55,846.4726488,70,97,0.130402902,191.5171193,0.227615174,0.579200785
12377,0.131782614,3.458,39,0.332,1.524,1740.858695,70,46,0.133245757,474.0714175,0.152476832,0.079747151
12496,0.160070666,3.053,1,0.268,1.319,5897.784782,70,190,0.103051494,290.029819,0.619707981,0.206336642
12617,0.133064552,6.435,0,0.323,1.819,7919.660071,70,147,0.1772058,389.645714,0.565771051,0.04914739
12639,0.035926004,5.267,2,0.192,1.262,5365.618603,70,227,0.218017924,484.8427283,0.653710247,0.331151527
12675,0.105290348,2.026,155,0.036,1.844,2427.640306,70,13,0.24749145,421.6799383,0.231815454,0.004758905
12836,0.156653986,3.749,20,0.227,1.8,2581.20872,70,111,0.21565429,441.0497845,0.905393693,0
12874,0.021701439,1.409,3,0.344,1.674,2118.223775,70,130,0.116164792,427.501016,0.90279352,0.004958403
13093,0.036077418,1.528,7,0.193,1.997,2434.777362,70,64,0.194547372,445.4104691,0.904460297,0.308944721
13139,0.073875886,3.214,123,0.011,1.76,2334.55316,70,2,0.145890566,336.1848279,0.282085472,0.021892247
13163,0.020510021,3.157,0,0.005,1.694,2181.332706,70,73,0.164756522,449.599495,0.337622508,0.171653637
13197,0.073416135,3.55,196,0.077,1.665,2204.204566,70,20,0.168343824,137.8452573,0.206080405,0.01436922
13467,0.010896881,1.728,5,0.107,1.372,4076.271744,70,80,0.15061538,169.2997834,0.349356624,0.065615047
13519,0.139397164,2.249,142,0.014,1.24,2337.281314,70,39,0.084205152,413.9115543,0.461830789,0.005748284
13524,0.017239758,4.399,17,0.189,1.404,8095.801969,70,175,0.231668826,331.9348847,0.47509834,0.32908517
13542,0.056808718,6.43,50,0.299,1.493,1652.748874,70,23,0.089814142,316.0198412,0.323554904,0.054268483
13551,0.123956278,4.468,46,0.069,1.983,1958.276291,70,27,0.121669174,383.4682991,0.348889926,0.085704883
13575,0.019533469,3.563,56,0.156,1.549,2112.028222,70,12,0.056298035,328.2903844,0.740716048,0.083535447
13579,0.102320368,4.354,10,0.302,1.826,1909.074835,70,118,0.203800328,152.3044893,0.634775652,0.50675873
13772,0.010646765,6.056,6,0.209,1.726,2195.467787,70,34,0.227862593,233.2260287,0.681512101,0.29521511
14046,0.025867932,3.986,122,0.283,1.789,1982.358999,70,2,0.246531067,165.1145564,0.278685246,0.010091652
14139,0.065453824,1.414,30,0.204,1.709,1953.645322,70,13,0.070574458,457.4411548,0.052670178,0.136629784
14234,0.03995506,6.673,0,0.038,1.297,3985.687923,70,156,0.148882844,249.0192941,0.522701513,0.260260891
14317,0.043511463,5.611,3,0.345,1.565,6007.787469,70,209,0.183743034,361.7633136,0.557570505,0.468658595
14319,0.109587799,5.16,43,0.141,1.844,2100.950151,70,32,0.14325947,257.166319,0.580172011,0.099880962
14349,0.106677411,2.74,34,0.061,1.403,639.4515956,70,26,0.16518331,247.001247,0.015334356,0.115590978
14729,0.031521132,6.763,10,0.237,1.238,3035.976282,70,119,0.18608972,362.1848494,0.655243683,0.01517086
14731,0.056492128,5.9,0,0.206,1.243,6993.156298,70,141,0.193348303,160.5252775,0.862190813,0.753000656
14954,0.132479907,3.002,30,0.053,1.159,1688.246889,70,38,0.176264741,382.827122,0.144876325,0.087187848
14957,0.156365986,4.038,28,0.018,1.905,928.3178725,70,57,0.113418699,449.262877,0.121208081,0.098887689
1,0.063867882,2.644,12,0.161,1.973,1266.392966,80,38,0.217231305,452.8313445,0.589305954,0.306800925
14,0.070121255,6.428,16,0.146,1.698,2223.241252,80,2,0.128327444,185.7570207,0.369224615,0.001431528
118,0.15968917,2.672,19,0.239,1.519,3607.174488,80,43,0.229517449,417.2611526,0.602506834,0.03091102
177,0.11027596,3.283,12,0.119,1.502,4774.980188,80,131,0.231381246,229.6335207,0.114407627,0.004772366
179,0.054511689,4.832,44,0.127,1.778,1785.507307,80,19,0.093688941,266.4045279,0.887192479,0.05121967
266,0.030860537,5.066,2,0.344,1.246,5850.325571,80,134,0.217400147,447.8632024,0.408093873,0.500629849
289,0.109978621,5.125,18,0.144,1.347,6951.565442,80,195,0.188323104,390.3707747,0.740449363,0.000834875
419,0.089317877,5.997,105,0.083,1.614,1063.635961,80,85,0.127460896,122.7331717,0.07140476,0.037799276
619,0.058018193,6.307,81,0.104,1.946,2209.505683,80,29,0.218378326,306.4444445,0.137875858,0.060081886
658,0.093482445,5.824,106,0.007,1.323,1304.532486,80,43,0.140075355,199.5776258,0.981665444,0.016886392
736,0.118999123,2.743,21,0.146,1.568,1297.852413,80,32,0.24589298,272.3775791,0.562970865,0.047273459
835,0.129790627,3.417,12,0.04,1.154,1018.127013,80,74,0.104470961,405.78539,0.822054804,0.05951591
878,0.086486946,3.638,3,0.198,1.191,759.6120523,80,99,0.138267969,457.6402896,0.213147543,0.313323055
985,0.1493394,6.079,60,0.06,1.315,1519.515484,80,2,0.105595698,263.4065558,0.476098407,0.047859515
1028,0.055178903,4.647,84,0.066,1.877,1300.263201,80,20,0.247173713,455.9217385,0.992266151,0.006650895
1063,0.12680912,5.733,45,0.233,1.374,1185.914773,80,19,0.185859472,312.4508043,0.316354424,0.00214463
1150,0.149435447,4.364,13,0.332,1.447,2595.127747,80,52,0.1133413,214.3045651,0.142942863,0.092823264
1176,0.093387656,4.78,15,0.167,1.426,2688.094144,80,42,0.182462201,373.7520235,0.260684046,0.066729209
1183,0.157408556,2.309,69,0.027,1.731,1421.771993,80,7,0.189627785,161.0750722,0.71624775,0.004955051
1210,0.018859229,2.313,7,0.305,1.683,1273.555859,80,90,0.180029148,379.245624,0.985399027,0.047839427
1222,0.103206387,6.056,11,0.313,1.099,9142.765146,80,167,0.136095995,223.6753811,0.133875592,0.064623413
1234,0.071780433,3.124,44,0.054,1.851,1139.471049,80,99,0.243985619,208.9607337,0.812520835,0.025573807
1358,0.141043882,1.388,10,0.107,1.657,1940.977976,80,51,0.071292324,344.0422373,0.659177278,0.03123925
1373,0.033152098,3.603,86,0.022,1.764,1188.012604,80,19,0.090017754,289.9560218,0.938995933,0.044578434
1480,0.165425273,4.943,15,0.343,1.709,1403.297134,80,46,0.24418494,307.853069,0.663244216,0.073338223
1495,0.154845641,4.45,5,0.304,1.303,6591.19588,80,147,0.132768091,275.6256718,0.207680512,0.591548906
1533,0.00503938,6.527,95,0.09,1.413,1687.789383,80,60,0.205955788,268.0037313,0.46069738,0.102081298
1576,0.022921922,2.675,20,0.348,1.396,8116.786716,80,144,0.229330316,224.2377343,0.489232616,0.074234866
1774,0.019035225,4.664,13,0.282,1.402,3766.132086,80,55,0.132415628,265.174665,0.429761984,0.032637
1970,0.069097594,3.921,63,0.039,1.921,1148.08246,80,8,0.247409933,368.9673071,0.609773985,0.032360065
2042,0.019652653,3.761,11,0.137,1.721,4392.452246,80,198,0.234668292,447.1255214,0.141942796,0.083371055
2078,0.071998913,4.878,60,0.207,1.977,1838.946071,80,41,0.228040663,318.4017003,0.313220881,0.005134443
2118,0.089176476,5.09,56,0.245,1.745,1701.985888,80,43,0.054822631,169.3405849,0.118741249,0.093588064
2229,0.141718202,4.729,55,0.098,1.37,1620.227089,80,26,0.143788953,169.5949084,0.738715914,0.00591451
2308,0.083649169,6.645,125,0.059,1.102,2297.785298,80,26,0.088465799,228.4651106,0.592839523,0.027579318
2310,0.127893503,3.01,11,0.285,1.531,9515.097797,80,163,0.184444443,392.918857,0.129341956,0.065453002
2323,0.149201086,6.689,3,0.063,1.865,2465.477902,80,53,0.16250905,330.3653637,0.894192946,0.135966083
2351,0.116856138,5.419,11,0.257,1.285,9133.409848,80,184,0.183929953,267.3494279,0.375158344,0.502460317
2462,0.048154332,5.192,10,0.067,1.648,4689.487398,80,170,0.185596368,296.8973422,0.579171945,0.089389198
2606,0.011082308,3.005,5,0.052,1.328,2895.075769,80,124,0.062438621,174.3797475,0.353756917,0.141758966
2637,0.030200283,5.587,12,0.124,1.064,1989.614027,80,113,0.222107466,356.600409,0.666511101,0.062331113
2649,0.145552001,5.184,0,0.191,1.453,1332.801875,80,189,0.104309007,312.9885644,0.083538903,0.712090942
2704,0.04652027,4.902,5,0.292,1.605,3041.209153,80,114,0.241052165,479.2005531,0.355090339,0.421841257
2727,0.010597842,6.453,5,0.222,1.46,3284.739325,80,55,0.168676739,466.4645266,0.308553904,0.03007114
2842,0.171049342,2.868,3,0.34,1.74,3120.612471,80,174,0.075395558,146.268862,0.864657644,0.335457183
2852,0.051256501,5.707,4,0.205,1.91,1621.969517,80,108,0.211340459,195.9159506,0.712780852,0.730365727
2859,0.027278023,5.443,9,0.321,1.472,9452.245303,80,180,0.110858681,217.0346101,0.635375692,0.329376628
2916,0.130026083,1.374,3,0.042,1.894,4519.752639,80,127,0.143482984,102.8033524,0.992999533,0.011492119
3071,0.114743984,3.914,1,0.183,1.296,1555.012936,80,87,0.223064444,136.4403718,0.644176278,0.375115587
3095,0.117616832,3.122,37,0.009,1.135,1459.968488,80,47,0.192628149,116.7346566,0.943396226,0.00504923
3130,0.102276131,3.474,5,0.111,1.916,4594.861494,80,151,0.118600064,169.6710524,0.743649577,0.19906355
3176,0.024282086,5.539,10,0.079,1.629,1372.43955,80,43,0.232051622,112.7133007,0.914527635,0.300678922
3195,0.076100972,4.791,7,0.213,1.876,4120.181526,80,109,0.140236485,201.5715499,0.998333222,0.156677365
3207,0.153803603,4.511,3,0.053,1.824,1903.440173,80,105,0.116637241,366.3864433,0.75885059,0.321512248
3219,0.046136039,4.493,68,0.009,1.742,1311.219297,80,46,0.115902483,454.562669,0.214947663,0.122843818
3308,0.170095704,3.113,7,0.109,1.943,4452.54736,80,126,0.23269136,140.988446,0.73484899,0.051776421
3377,0.009207061,2.646,17,0.16,1.852,649.2239438,80,67,0.072828824,415.6533505,0.485832389,0.080758494
3408,0.011411364,6.098,1,0.209,1.775,2533.567418,80,36,0.055077296,138.8035748,0.638042536,0.144155012
3622,0.004303081,3.298,5,0.294,1.487,898.5269067,80,70,0.116144013,172.7939185,0.950663378,0.026727575
3823,0.173052735,1.808,3,0.316,1.84,9619.182241,80,180,0.230509167,413.5072471,0.824521635,0.735214418
3924,0.161744568,6.174,2,0.191,1.751,985.7116337,80,86,0.228365604,354.3330368,0.866324422,0.99433834
3930,0.003172281,4.132,4,0.146,1.785,2468.993068,80,199,0.204481139,405.6144209,0.280818721,0.451188187
3951,0.021081682,5.866,8,0.333,1.424,2572.528877,80,153,0.22578643,471.5096598,0.09960664,0.662864025
3959,0.019879184,3.328,9,0.08,1.208,1770.031705,80,54,0.105831078,241.5134322,0.598306554,0.194063829
4151,0.11782898,4.121,7,0.121,1.937,919.3078857,80,93,0.187724169,180.8694728,0.673511567,0.707366148
4226,0.004602038,3.44,1,0.181,1.69,2494.026054,80,95,0.125124847,262.5057461,0.119874658,0.114101373
4351,0.094514538,4.74,35,0.137,1.468,1004.342479,80,73,0.210189547,377.7674754,0.268684579,0.051527824
4400,0.087044969,4.063,14,0.153,1.079,7770.887123,80,140,0.248778614,376.3550923,0.115007667,0.155224823
4412,0.112571801,1.823,3,0.126,1.841,2284.824495,80,57,0.066254728,212.9587079,0.668044536,0.384951082
4547,0.018935102,2.378,4,0.076,1.973,3093.333616,80,24,0.065802535,390.4110625,0.816787786,0.023167022
4550,0.125445944,4.888,4,0.25,1.163,5141.562038,80,141,0.187813445,162.9517214,0.700980065,0.036372098
4649,0.121583143,2.564,6,0.275,1.726,2484.146391,80,5,0.190687354,437.9783608,0.338222548,0.222802067
4684,0.042974137,4.941,43,0.328,1.544,1066.170412,80,37,0.068504971,185.088944,0.245416361,0.007009228
4786,0.063600914,3.117,9,0.122,1.672,657.9749048,80,23,0.169234257,403.3951266,0.84165611,0.175297708
4879,0.101648065,2.602,16,0.314,1.828,8129.680688,80,139,0.197811007,204.4963949,0.402426828,0.111968217
4957,0.064913897,1.608,144,0.086,1.817,1460.436984,80,8,0.219425219,150.792271,0.019601307,0.004873749
5050,0.077830506,6.125,46,0.106,1.537,1965.362201,80,82,0.087391229,379.8467227,0.796519768,0.001571778
5053,0.033415032,1.683,5,0.037,1.221,4748.667105,80,178,0.136861819,164.8577778,0.041802787,0.003193892
5128,0.130428448,6.348,6,0.186,1.998,2367.185309,80,143,0.242124259,135.3091351,0.977331822,0.003267707
5261,0.130983437,4.506,14,0.013,1.555,1357.951128,80,13,0.147011199,276.8110778,0.862990866,0.059069502
5295,0.026639293,4.384,180,0.111,1.034,1917.094076,80,34,0.229715056,466.3155534,0.098139876,0.018399545
5375,0.15868691,5.314,124,0.211,1.958,2072.872433,80,49,0.183818742,444.3490991,0.251083406,0.012848754
5381,0.166601344,1.663,5,0.12,1.169,4895.808452,80,157,0.167970414,280.5376521,0.982398827,0.007172175
5399,0.069891872,6.041,43,0.111,1.726,1615.546347,80,60,0.105685104,134.5470029,0.730782052,0.099805865
5402,0.160317764,5.742,4,0.266,1.263,7934.098091,80,161,0.17966611,166.4954183,0.780718715,0.094800665
5420,0.11738213,4.282,86,0.05,1.328,956.9086605,80,34,0.206192814,352.2544117,0.708047203,0.014817275
5436,0.079220218,1.779,1,0.157,1.25,5183.701699,80,130,0.145138494,410.8044304,0.192879525,0.573082738
5450,0.099123959,3.671,5,0.246,1.167,1749.889705,80,127,0.249672031,374.9710371,0.062804187,0.475834149
5493,0.020181006,2.325,24,0.201,1.993,1858.463991,80,40,0.127363653,359.5963208,0.255083672,0.00369184
5517,0.1292309,4.242,7,0.079,1.117,4169.702726,80,124,0.240911548,274.4469113,0.251283419,0.122215466
5557,0.001583371,3.771,2,0.254,1.993,9565.561333,80,187,0.118323277,270.0009489,0.991466098,0.2543899
5569,0.028240363,2.025,3,0.194,1.434,8441.402056,80,185,0.111477419,255.1864284,0.766184412,0.4349841
5636,0.125548601,3.862,22,0.181,1.571,2534.626813,80,4,0.24755006,151.7692043,0.102673512,0.042341302
5697,0.044530067,4.668,136,0.063,1.181,2045.996318,80,6,0.154281844,340.8926197,0.336022401,0.020828099
5811,0.149948587,3.83,47,0.024,1.483,924.4188866,80,93,0.186490048,432.0233258,0.639509301,0.038886764
5813,0.152481129,1.719,1,0.309,1.281,8493.971169,80,146,0.188163508,303.316442,0.921728115,0.145347898
5922,0.083537682,2.797,2,0.181,1.42,1205.471889,80,121,0.188602752,127.2524691,0.645176345,0.21755331
5954,0.085934268,2.554,0,0.257,1.841,9253.721933,80,177,0.110681103,487.0732687,0.782385492,0.494606243
5965,0.089443255,4.908,20,0.176,1.566,1708.794409,80,20,0.093674063,291.8292754,0.247949863,0.03598689
6031,0.103689306,6.544,5,0.046,1.709,1691.455769,80,114,0.237561339,433.3982697,0.098673245,0.332568391
6060,0.107852554,1.948,53,0.135,1.932,1922.281064,80,105,0.238739541,100.7764681,0.420161344,0.012443764
6156,0.084451569,2.792,5,0.227,1.884,5885.843381,80,144,0.202414229,408.1300859,0.22914861,0.138989954
6352,0.048829893,2.892,13,0.091,1.131,2449.863936,80,62,0.181128446,345.0288763,0.183945596,0.133611584
6444,0.08522221,4.705,6,0.31,1.738,9340.706118,80,194,0.179269105,236.419599,0.461497433,0.171750844
6516,0.13059507,1.637,11,0.299,1.827,2098.550257,80,54,0.197014538,189.8434836,0.380625375,0.354177706
6559,0.147723688,6.713,79,0.032,1.708,1172.05986,80,19,0.237892966,305.0452713,0.379891993,0.035250222
6731,0.086661876,2.456,14,0.137,1.604,6036.400471,80,146,0.220997435,301.1236446,0.287219148,0.216044894
6767,0.154857582,4.299,21,0.18,1.278,6387.973187,80,140,0.210063421,322.7404316,0.107873858,0.065714293
6771,0.120038518,2.111,2,0.279,1.66,1085.749517,80,30,0.098243621,473.5325737,0.5705047,0.621747054
6797,0.001389628,4.963,8,0.001,1.354,2675.407111,80,137,0.249871593,360.0131493,0.499499967,0.203226725
6802,0.11366857,3.529,18,0.123,1.777,837.0323813,80,75,0.162400609,109.3051865,0.816387759,0.097631801
6821,0.073994689,2.979,11,0.205,1.454,4731.560631,80,179,0.165983778,319.0446101,0.714580972,0.218847054
6852,0.110584875,3.825,8,0.233,1.903,4113.43066,80,145,0.202256512,141.8680822,0.826921795,0.552034632
6952,0.149542966,2.163,6,0.177,1.582,4341.451897,80,127,0.131755785,156.0916275,0.334955664,0.339850962
6960,0.070971176,3.96,14,0.035,1.802,1450.242229,80,54,0.106521914,129.8927542,0.407360491,0.089270332
6997,0.106667654,1.755,30,0.107,1.945,770.497704,80,26,0.132158689,223.8959206,0.667311154,0.035069614
7039,0.120033847,2.942,1,0.287,1.431,3929.108767,80,71,0.194093572,265.3700295,0.70604707,0.278980348
7047,0.00454814,3.145,47,0.119,1.92,1500.922771,80,108,0.08369117,232.8914367,0.464830989,0.009517041
7094,0.062481834,2.948,50,0.173,1.862,1759.196627,80,3,0.186545354,268.2328229,0.188545903,0.001508436
7115,0.020195887,2.629,38,0.286,1.012,790.7876313,80,24,0.15779932,228.7621013,0.003133542,0.038662444
7140,0.123389595,2.853,22,0.162,1.525,1028.625728,80,23,0.229970002,444.8007914,0.197746516,0.060833781
7148,0.04301695,3.008,65,0.069,1.356,922.9440812,80,8,0.101036034,151.9891652,0.237415828,0.045479994
7149,0.018411364,3.234,1,0.033,1.699,1352.400712,80,81,0.232100344,478.6198539,0.514900993,0.50490068
7298,0.032620475,6.322,16,0.04,1.298,1258.221512,80,86,0.180439888,124.7727425,0.117207814,0.057610157
7425,0.079357805,5.515,16,0.243,1.007,7930.960639,80,143,0.247527293,369.5906806,0.502500167,0.017257464
7497,0.033299708,5.431,2,0.166,1.745,2860.588264,80,164,0.189495416,166.7398557,0.565837723,0.661191141
7542,0.123749791,4.392,35,0.154,1.253,1112.908624,80,94,0.094644703,274.8616787,0.014800987,0.040461243
7551,0.096941347,2.21,2,0.084,1.091,3841.048157,80,90,0.205525337,177.7218753,0.527235149,0.040273329
7600,0.088229092,3.501,63,0.137,1.486,978.2218711,80,37,0.125517783,244.3357383,0.002933529,0.107590015
7623,0.144796502,4.605,4,0.075,1.302,9366.811572,80,188,0.148994195,161.794091,0.951463431,0.540061744
7641,0.077264987,3.107,16,0.049,1.825,1442.606853,80,28,0.153584744,218.0325701,0.51590106,0.059165277
7651,0.068188279,4.342,26,0.037,1.685,1557.660411,80,30,0.222552634,380.2398253,0.501566771,0.041583277
7653,0.048400165,5.162,9,0.056,1.182,3527.083477,80,128,0.220305186,478.7352147,0.9759984,0.597802351
7674,0.078395272,1.743,19,0.101,1.902,1852.359138,80,102,0.210129341,159.2679136,0.970931395,0.073977984
7690,0.065607444,5.812,8,0.216,1.212,3101.851755,80,104,0.237534322,225.2955572,0.930795386,0.091263677
7752,0.125971851,6.049,131,0.049,1.272,1765.866847,80,31,0.223888632,214.2777627,0.124674978,0.029166927
7913,0.103473642,2.268,1,0.315,1.267,8215.530051,80,132,0.196762521,224.6317632,0.783652243,0.130531814
7955,0.158317867,5.301,4,0.246,1.416,5558.477468,80,117,0.228177589,434.2157406,0.386959131,0.078492531
8247,0.168392307,6.787,3,0.313,1.061,1809.951628,80,21,0.203029215,317.6504794,0.997133142,0.104066244
8375,0.059598125,4.399,47,0.038,1.629,709.320573,80,93,0.148039757,250.1421423,0.323021535,0.046395286
8606,0.007587409,2.924,2,0.122,1.937,4079.533039,80,182,0.220845388,272.2607844,0.936529102,0.568083163
8686,0.047562886,5.431,4,0.217,1.225,9468.069391,80,141,0.075515302,366.5949148,0.551970131,0.380021784
8697,0.162169679,5.336,2,0.287,1.167,9944.291172,80,169,0.192301773,292.5314263,0.551236749,0.158677139
8843,0.023746983,6.471,42,0.104,1.706,1390.626889,80,43,0.060352805,324.0064652,0.956597106,0.086390397
8925,0.170773629,3.835,2,0.087,1.649,1007.12624,80,78,0.050941288,473.1971171,0.226281752,0.658791583
8970,0.043355088,1.693,1,0.206,1.763,1779.614844,80,176,0.149360123,218.0246457,0.660177345,0.410187478
8979,0.068586597,1.813,2,0.105,1.401,3507.219968,80,114,0.245335558,169.4033245,0.548836589,0.647686155
9036,0.174614539,5.212,10,0.219,1.363,2668.968458,80,49,0.0939839,175.8802336,0.81345423,0.034599949
9115,0.120209268,3.572,100,0.09,1.989,1509.229992,80,22,0.245837063,338.5776411,0.325355024,0.013622145
9142,0.12257508,6.311,4,0.331,1.597,5234.157831,80,115,0.136814303,304.6492387,0.523768251,0.086856013
9186,0.113060744,2.302,2,0.144,1.485,9134.757947,80,180,0.209301915,475.391626,0.141409427,0.006859867
9215,0.003721852,1.612,23,0.234,1.44,5416.009754,80,121,0.229018926,267.8247367,0.275151677,0.024961285
9485,0.067276679,5.484,162,0.059,1.944,2346.364204,80,31,0.052736145,428.8958266,0.198479899,0.020298447
9585,0.077049848,1.966,4,0.036,1.312,2556.798865,80,178,0.145850635,427.7897809,0.564837656,0.3426272
9606,0.068485123,1.846,6,0.227,1.1,1890.025085,80,94,0.150885922,370.3029505,0.684512301,0.032864724
9714,0.096611728,2.279,1,0.326,1.581,5967.171876,80,170,0.249157133,499.7980456,0.559237282,0.822648126
9843,0.10815214,2.386,3,0.262,1.887,5903.170651,80,150,0.161968265,222.6125881,0.236549103,0.197160422
9992,0.044961585,1.641,1,0.05,1.003,7522.070718,80,166,0.217090405,246.007915,0.912194146,0.025667726
10075,0.107893498,1.47,2,0.083,1.407,5662.902911,80,194,0.120490522,427.826489,0.941462764,0.114101982
10098,0.037507117,4.433,226,0.009,1.334,2357.449106,80,54,0.179115701,322.9860373,0.949863324,0.006891719
10207,0.030595905,5.307,178,0.228,1.567,2107.469719,80,45,0.206577008,476.1856442,0.039135942,0.012349255
10215,0.119145561,6.474,5,0.154,1.47,2988.864732,80,23,0.149352291,487.4541491,0.322021468,0.030746664
10310,0.169897212,1.438,1,0.075,1.439,3917.554649,80,115,0.227717628,445.6969692,0.731648777,0.701757965
10328,0.064068883,6.725,11,0.153,1.988,3289.408412,80,120,0.18696951,197.6793866,0.28855257,0.015886155
10441,0.023629359,1.754,1,0.036,1.079,2195.839853,80,30,0.096583082,435.131929,0.49789986,0.236896847
10516,0.015291513,4.95,51,0.161,1.992,833.6868774,80,94,0.160458848,342.860673,0.146476432,0.02449933
10639,0.162414431,1.634,23,0.119,1.587,2155.59708,80,60,0.185430764,474.4300409,0.496033069,0.033892241
10793,0.008606102,3.811,7,0.326,1.471,3318.374459,80,19,0.236700045,204.0281889,0.636775785,0.14561958
10842,0.07090705,6.825,170,0.022,1.501,2125.784563,80,12,0.196366617,447.9199165,0.845989733,0.012800675
10866,0.124978787,1.739,3,0.052,1.33,1666.543432,80,19,0.229236,270.7101883,0.596373092,0.425147331
10867,0.035265719,5.441,1,0.322,1.883,2131.64423,80,133,0.07756961,381.6523318,0.93219548,0.791690902
11003,0.049876154,2.464,50,0.077,1.482,1400.706298,80,39,0.068884871,188.8258502,0.499966664,0.003395694
11102,0.026595233,5.333,4,0.335,1.592,8221.87428,80,193,0.132829208,209.0795698,0.133075538,0.053424688
11126,0.129260505,4.469,47,0.012,1.778,1383.10481,80,17,0.106760291,356.7045476,0.868324555,0.051392981
11171,0.029133603,2.049,16,0.284,1.906,782.1934039,80,33,0.115822855,431.9298474,0.503033536,0.037035796
11200,0.044749745,2.824,31,0.34,1.939,8544.169931,80,131,0.219377008,434.4856001,0.774251617,0.095658963
11201,0.15733111,4.158,3,0.098,1.183,3665.094626,80,117,0.064473028,231.384244,0.987799187,0.106217094
11214,0.008099518,5.069,71,0.171,1.961,1418.229122,80,61,0.228539775,100.1840385,0.046269751,0.143135538
11240,0.079733986,5.354,43,0.046,1.79,1023.31663,80,63,0.141075072,301.3396674,0.56630442,0.133386936
11330,0.151083986,2.54,15,0.205,1.364,2553.213466,80,120,0.242238663,253.585982,0.316021068,0.185670272
11397,0.09012823,5.398,8,0.32,1.1,6850.045173,80,137,0.229681489,330.7519277,0.993532902,0.06010444
11495,0.014047108,5.511,2,0.296,1.654,1910.36601,80,62,0.236099806,217.1292787,0.204746983,0.493863047
11632,0.070724489,4.925,14,0.219,1.916,1270.562697,80,104,0.221962105,492.7088253,0.126808454,0.13150535
11834,0.148492227,2.83,84,0.223,1.968,1702.664954,80,3,0.129956561,145.47154,0.33475565,0.008983566
11892,0.115338487,2.044,24,0.01,1.51,1202.795555,80,77,0.130931205,417.7835215,0.936462431,0.078875365
11972,0.02499053,5.264,24,0.032,1.356,1767.262279,80,59,0.092862465,108.7680966,0.824921661,0.018531682
12059,0.108838635,2.95,33,0.017,1.735,983.8119908,80,72,0.075471368,189.1030641,0.035469031,0.078803324
12093,0.098472099,2.243,4,0.293,1.686,4921.614308,80,63,0.129094413,227.7152609,0.590839389,0.033621545
12112,0.020472199,6.661,91,0.107,1.922,1305.766709,80,65,0.149683967,354.9065068,0.415827722,0.125510883
12216,0.054609016,2.488,63,0.232,1.746,1396.627547,80,63,0.131674209,284.7918541,0.032535502,0.029859596
12285,0.005536317,3.262,2,0.069,1.798,2016.456067,80,67,0.220708183,388.9301374,0.128608574,0.228811517
12294,0.020791793,4.657,8,0.077,1.751,1739.758072,80,108,0.162896805,261.1521136,0.094672978,0.295169148
12339,0.028471913,3.131,1,0.179,1.55,846.4726488,80,65,0.130402902,191.5171193,0.227615174,0.887267697
12377,0.131782614,3.458,39,0.332,1.524,1740.858695,80,31,0.133245757,474.0714175,0.152476832,0.002209633
12484,0.063583757,5.099,124,0.037,1.891,978.9262008,80,74,0.116503416,240.2860294,0.335022335,0.012441846
12496,0.160070666,3.053,1,0.268,1.319,5897.784782,80,127,0.103051494,290.029819,0.619707981,0.646516663
12502,0.114255966,1.437,6,0.238,1.596,1866.3606,80,105,0.192289098,242.5180512,0.96939796,0.015752668
12590,0.1181609,5.595,10,0.195,1.874,9091.370891,80,162,0.227390162,214.197641,0.851056737,0.00185222
12639,0.035926004,5.267,2,0.192,1.262,5365.618603,80,152,0.218017924,484.8427283,0.653710247,0.876294145
12671,0.167213345,3.205,25,0.027,1.024,1672.491081,80,89,0.232388061,498.6734479,0.660910727,0.037981409
12676,0.17083803,1.528,7,0.062,1.968,6148.887216,80,153,0.207554209,427.029778,0.584238949,0.117841513
12743,0.094037359,6.023,6,0.053,1.789,3218.262076,80,153,0.188803344,425.9814594,0.875325022,0.336939454
12789,0.147122424,2.693,10,0.071,1.627,2746.591773,80,129,0.126265518,451.4981862,0.699313288,0.02067964
12836,0.156653986,3.749,20,0.227,1.8,2581.20872,80,74,0.21565429,441.0497845,0.905393693,0.024246068
12874,0.021701439,1.409,3,0.344,1.674,2118.223775,80,87,0.116164792,427.501016,0.90279352,0.091034338
12926,0.0059153,4.847,163,0.137,1.919,2032.511192,80,66,0.066239036,415.3293111,0.107607174,0.047847494
13084,0.031802068,3.125,2,0.248,1.666,3333.965347,80,135,0.213174581,118.7090517,0.622108141,0.011744232
13090,0.045372724,3.202,8,0.244,1.802,5084.560748,80,164,0.094565878,144.3737506,0.26395093,0.132065097
13093,0.036077418,1.528,7,0.193,1.997,2434.777362,80,43,0.194547372,445.4104691,0.904460297,0.37630351
13143,0.009250112,2.37,19,0.136,1.616,1276.748853,80,97,0.086947688,412.0776768,0.6035069,0.114682772
13149,0.074641935,6.202,64,0.078,1.748,1862.128319,80,70,0.11506458,406.0765618,0.261084072,0.022942587
13163,0.020510021,3.157,0,0.005,1.694,2181.332706,80,49,0.164756522,449.599495,0.337622508,0.128641976
13269,0.126118293,6.709,9,0.343,1.436,2106.487422,80,70,0.231412305,112.0298739,0.976865124,0.044842955
13349,0.051073652,2.408,25,0.041,1.202,4411.779312,80,122,0.242374775,433.879641,0.844389626,0.144525418
13393,0.134824632,2.366,3,0.219,1.32,2105.25078,80,147,0.171054326,473.2441709,0.644509634,0.074097869
13395,0.133664803,1.96,9,0.324,1.792,1507.041947,80,94,0.19022834,241.7160368,0.288352557,0.664591685
13434,0.111233894,3.86,141,0.081,1.661,1624.982723,80,50,0.212732835,240.8824224,0.163344223,0.028650452
13467,0.010896881,1.728,5,0.107,1.372,4076.271744,80,54,0.15061538,169.2997834,0.349356624,0.025049196
13482,0.051271498,3.67,173,0.003,1.366,1775.212358,80,32,0.201182482,292.6835942,0.719047937,0.02241715
13575,0.019533469,3.563,56,0.156,1.549,2112.028222,80,9,0.056298035,328.2903844,0.740716048,0.007791619
13579,0.102320368,4.354,10,0.302,1.826,1909.074835,80,79,0.203800328,152.3044893,0.634775652,0.493573915
13587,0.014423626,4.57,1,0.077,1.901,1925.010304,80,182,0.072106489,211.3878594,0.269817988,0.514075879
13593,0.094482361,6.685,7,0.066,1.447,5409.90772,80,147,0.105022273,164.1190306,0.844922995,0.122687042
13750,0.074798103,6.709,163,0.058,1.775,2198.280534,80,37,0.051297466,230.0416132,0.465364358,0.023682723
13757,0.108170742,1.685,1,0.135,1.239,4574.653064,80,135,0.156278823,411.923628,0.503366891,0.227267046
13772,0.010646765,6.056,6,0.209,1.726,2195.467787,80,23,0.227862593,233.2260287,0.681512101,0.289467719
13963,0.122921101,6.003,12,0.089,1.876,1592.794717,80,91,0.110447159,181.0928777,0.136609107,0.023010154
13987,0.049745337,1.857,3,0.208,1.472,8209.93883,80,196,0.103212824,204.7033922,0.040402694,0.132369433
14004,0.120597138,1.758,1,0.29,1.458,8284.073992,80,170,0.056142015,274.7402639,0.582838856,0.340169341
14025,0.155134615,1.566,2,0.093,1.336,5820.060715,80,173,0.197129085,376.1018826,0.082338823,0.498783628
14139,0.065453824,1.414,30,0.204,1.709,1953.645322,80,9,0.070574458,457.4411548,0.052670178,0.003091678
14175,0.111717991,6.221,1,0.194,1.071,9684.273732,80,179,0.116723771,392.5159699,0.718781252,0.120503932
14227,0.112679093,2.933,9,0.278,1.136,2913.908073,80,97,0.201854615,251.8302937,0.886725782,0.061703296
14317,0.043511463,5.611,3,0.345,1.565,6007.787469,80,140,0.183743034,361.7633136,0.557570505,0.675616655
14319,0.109587799,5.16,43,0.141,1.844,2100.950151,80,22,0.14325947,257.166319,0.580172011,0.015808403
14349,0.106677411,2.74,34,0.061,1.403,639.4515956,80,18,0.16518331,247.001247,0.015334356,0.027893323
14441,0.171615349,5.133,56,0.005,1.017,1614.951395,80,64,0.188788068,294.7907734,0.357157144,0.032734212
14648,0.051139455,2.963,83,0.028,1.482,1248.743427,80,89,0.066349485,293.1183287,0.412894193,0.015003875
14658,0.034451602,5.016,58,0.053,1.104,942.9106845,80,84,0.075865801,369.2757753,0.319887993,0.001298491
14717,0.042635506,3.084,13,0.046,1.837,1340.337516,80,111,0.182513377,270.899832,0.586839123,0.071709796
14729,0.031521132,6.763,10,0.237,1.238,3035.976282,80,80,0.18608972,362.1848494,0.655243683,0.067693919
14942,0.01826004,4.034,12,0.045,1.327,1835.636633,80,56,0.100402031,241.179363,0.059137276,0.026121222
14954,0.132479907,3.002,30,0.053,1.159,1688.246889,80,26,0.176264741,382.827122,0.144876325,0.01727747
14957,0.156365986,4.038,28,0.018,1.905,928.3178725,80,38,0.113418699,449.262877,0.121208081,0.067879451
14975,0.130358033,2.317,35,0.186,1.849,655.2256797,80,67,0.144987354,447.8126119,0.074871658,0.059234452
1,0.063867882,2.644,12,0.161,1.973,1266.392966,90,20,0.217231305,452.8313445,0.589305954,0.55099928
48,0.024586245,3.516,58,0.076,1.61,1105.339455,90,73,0.064059341,218.16693,0.83265551,0.038606812
118,0.15968917,2.672,19,0.239,1.519,3607.174488,90,22,0.229517449,417.2611526,0.602506834,0.059669794
164,0.076506671,1.661,8,0.344,1.667,3266.327305,90,66,0.080565267,383.7641135,0.710447363,0.110162089
179,0.054511689,4.832,44,0.127,1.778,1785.507307,90,10,0.093688941,266.4045279,0.887192479,0.100603398
202,0.157353091,5.488,19,0.059,1.305,1540.288733,90,93,0.073038864,110.6960517,0.765317688,0.044380166
239,0.063256648,2.791,26,0.164,1.956,2245.014926,90,72,0.072485165,334.354034,0.773184879,0.026945685
266,0.030860537,5.066,2,0.344,1.246,5850.325571,90,68,0.217400147,447.8632024,0.408093873,0.103200912
289,0.109978621,5.125,18,0.144,1.347,6951.565442,90,98,0.188323104,390.3707747,0.740449363,0.040395739
419,0.089317877,5.997,105,0.083,1.614,1063.635961,90,43,0.127460896,122.7331717,0.07140476,0.042706446
464,0.085551403,3.039,4,0.024,1.781,2735.637373,90,97,0.060183559,266.8863931,0.901526768,0.067791963
658,0.093482445,5.824,106,0.007,1.323,1304.532486,90,22,0.140075355,199.5776258,0.981665444,0.041330517
677,0.053378938,4.972,10,0.059,1.308,1477.863507,90,90,0.209836232,261.7775869,0.274551637,0.570976298
736,0.118999123,2.743,21,0.146,1.568,1297.852413,90,17,0.24589298,272.3775791,0.562970865,0.180645943
835,0.129790627,3.417,12,0.04,1.154,1018.127013,90,38,0.104470961,405.78539,0.822054804,0.161498173
878,0.086486946,3.638,3,0.198,1.191,759.6120523,90,50,0.138267969,457.6402896,0.213147543,0.294251841
985,0.1493394,6.079,60,0.06,1.315,1519.515484,90,2,0.105595698,263.4065558,0.476098407,0.052249159
1028,0.055178903,4.647,84,0.066,1.877,1300.263201,90,11,0.247173713,455.9217385,0.992266151,0.067058811
1031,0.083348963,5.041,13,0.109,1.066,3124.559706,90,82,0.226080945,497.0735555,0.53930262,0.121475657
1091,0.121457623,2.264,42,0.098,1.594,1897.048751,90,38,0.074377497,217.2350691,0.095006334,0.030302
1100,0.095621086,5.155,17,0.171,1.09,3205.816792,90,88,0.244092451,215.9490913,0.089872658,0.112929078
1150,0.149435447,4.364,13,0.332,1.447,2595.127747,90,27,0.1133413,214.3045651,0.142942863,0.097382959
1176,0.093387656,4.78,15,0.167,1.426,2688.094144,90,22,0.182462201,373.7520235,0.260684046,0.072958368
1183,0.157408556,2.309,69,0.027,1.731,1421.771993,90,4,0.189627785,161.0750722,0.71624775,0.069457314
1207,0.005081102,2.502,12,0.162,1.853,1935.52375,90,87,0.076900778,450.830948,0.227815188,0.007904566
1210,0.018859229,2.313,7,0.305,1.683,1273.555859,90,46,0.180029148,379.245624,0.985399027,0.116445308
1234,0.071780433,3.124,44,0.054,1.851,1139.471049,90,50,0.243985619,208.9607337,0.812520835,0.141167431
1261,0.009795858,4.423,113,0.167,1.619,1008.717552,90,65,0.093726591,296.2105084,0.069137943,0.022052596
1325,0.17189481,6.783,109,0.299,1.347,1508.153106,90,22,0.097949801,262.6042336,0.001866791,0.011868655
1354,0.027509221,6.365,18,0.309,1.378,7261.883056,90,96,0.119392036,249.9712282,0.777185146,0.010964964
1358,0.141043882,1.388,10,0.107,1.657,1940.977976,90,26,0.071292324,344.0422373,0.659177278,0.181792835
1373,0.033152098,3.603,86,0.022,1.764,1188.012604,90,10,0.090017754,289.9560218,0.938995933,0.094233611
1480,0.165425273,4.943,15,0.343,1.709,1403.297134,90,24,0.24418494,307.853069,0.663244216,0.199574597
1533,0.00503938,6.527,95,0.09,1.413,1687.789383,90,31,0.205955788,268.0037313,0.46069738,0.000978103
1607,0.073100454,1.366,10,0.153,1.819,2613.433375,90,69,0.192308178,292.9424349,0.462030802,0.624026416
1624,0.122052718,2.566,13,0.219,1.225,3375.169453,90,71,0.178138351,333.7523542,0.348156544,0.091017707
1658,0.091169204,6.403,14,0.207,1.519,1920.952427,90,79,0.094542245,164.9070072,0.301220081,0.034219241
1774,0.019035225,4.664,13,0.282,1.402,3766.132086,90,28,0.132415628,265.174665,0.429761984,0.035149932
1801,0.003880358,4.462,47,0.292,1.719,1693.044353,90,45,0.197410743,295.8168744,0.327221815,0.013105669
1964,0.066239585,4.197,10,0.127,1.24,865.2122491,90,75,0.227468851,193.1455831,0.320088006,0.393322931
1970,0.069097594,3.921,63,0.039,1.921,1148.08246,90,5,0.247409933,368.9673071,0.609773985,0.100043342
1981,0.061634132,1.595,45,0.022,1.419,735.1031095,90,41,0.185246018,347.1396539,0.44989666,0.071537301
1993,0.012125548,2.134,101,0.099,1.625,1282.643693,90,45,0.208030585,186.1001791,0.416494433,0.02509263
2004,0.000516912,4.538,49,0.056,1.185,1499.803793,90,38,0.088202886,150.2457405,0.810254017,0.019417639
2078,0.071998913,4.878,60,0.207,1.977,1838.946071,90,21,0.228040663,318.4017003,0.313220881,0.035048884
2111,0.001713123,3.401,10,0.259,1.887,1169.352705,90,94,0.247213211,101.8310946,0.423628242,0.435968163
2118,0.089176476,5.09,56,0.245,1.745,1701.985888,90,22,0.054822631,169.3405849,0.118741249,0.039738315
2141,0.074154832,3.555,71,0.132,1.76,678.6283774,90,58,0.248626108,292.7645883,0.094539636,0.006909905
2185,0.078546738,5.832,17,0.168,1.325,4105.897557,90,70,0.120182294,388.7382592,0.876325088,0.07556232
2229,0.141718202,4.729,55,0.098,1.37,1620.227089,90,14,0.143788953,169.5949084,0.738715914,0.004543394
2246,0.109766894,3.938,25,0.282,1.809,2137.853921,90,33,0.188515844,395.4632584,0.313354224,0.013439689
2285,0.172746182,5.846,40,0.051,1.751,1439.655793,90,63,0.239753997,435.6018157,0.480432029,0.008547829
2290,0.13434094,4.943,7,0.327,1.125,3914.723895,90,92,0.096201473,330.1022361,0.431562104,0.107776247
2323,0.149201086,6.689,3,0.063,1.865,2465.477902,90,27,0.16250905,330.3653637,0.894192946,0.054103413
2516,0.006278247,2.494,16,0.142,1.265,2133.602552,90,53,0.1919574,200.9489632,0.404626975,0.129403762
2549,0.013851452,5.847,17,0.08,1.461,2886.886869,90,51,0.150391265,112.3146406,0.82365491,0.02766951
2604,0.094657077,3.182,5,0.241,1.478,4046.487472,90,42,0.198457154,473.0123373,0.250350023,0.028653596
2606,0.011082308,3.005,5,0.052,1.328,2895.075769,90,63,0.062438621,174.3797475,0.353756917,0.061525529
2637,0.030200283,5.587,12,0.124,1.064,1989.614027,90,57,0.222107466,356.600409,0.666511101,0.121098702
2649,0.145552001,5.184,0,0.191,1.453,1332.801875,90,95,0.104309007,312.9885644,0.083538903,0.823792635
2704,0.04652027,4.902,5,0.292,1.605,3041.209153,90,58,0.241052165,479.2005531,0.355090339,0.275579013
2726,0.001774059,2.359,22,0.139,1.537,784.238997,90,55,0.141111592,284.1181984,0.175278352,0.188292104
2727,0.010597842,6.453,5,0.222,1.46,3284.739325,90,28,0.168676739,466.4645266,0.308553904,0.00865011
2842,0.171049342,2.868,3,0.34,1.74,3120.612471,90,88,0.075395558,146.268862,0.864657644,0.633445603
2852,0.051256501,5.707,4,0.205,1.91,1621.969517,90,55,0.211340459,195.9159506,0.712780852,0.686618636
3009,0.041175064,1.635,102,0.064,1.516,1345.978206,90,16,0.125988971,358.9909019,0.013467565,0.04755703
3071,0.114743984,3.914,1,0.183,1.296,1555.012936,90,44,0.223064444,136.4403718,0.644176278,0.457380388
3095,0.117616832,3.122,37,0.009,1.135,1459.968488,90,24,0.192628149,116.7346566,0.943396226,0.079178179
3176,0.024282086,5.539,10,0.079,1.629,1372.43955,90,22,0.232051622,112.7133007,0.914527635,0.50564449
3195,0.076100972,4.791,7,0.213,1.876,4120.181526,90,55,0.140236485,201.5715499,0.998333222,0.092951776
3207,0.153803603,4.511,3,0.053,1.824,1903.440173,90,53,0.116637241,366.3864433,0.75885059,0.339696259
3219,0.046136039,4.493,68,0.009,1.742,1311.219297,90,24,0.115902483,454.562669,0.214947663,0.062395534
3242,0.09113984,1.306,9,0.257,1.735,6862.392835,90,77,0.14874135,490.3297083,0.783785586,0.112371663
3263,0.151443034,5.776,12,0.313,1.188,7607.371044,90,97,0.174263727,339.2542675,0.65924395,0.022084266
3285,0.033831934,5.364,8,0.288,1.151,4948.371167,90,100,0.191330934,251.8701369,0.448429895,0.139312313
3340,0.04662728,2.802,43,0.328,1.926,942.4528731,90,92,0.057124193,447.835922,0.058137209,0.061647327
3352,0.076135276,2.185,36,0.166,1.706,1937.718696,90,82,0.100988423,157.0282525,0.371558104,0.051195583
3377,0.009207061,2.646,17,0.16,1.852,649.2239438,90,34,0.072828824,415.6533505,0.485832389,0.255625727
3405,0.076174199,3.686,15,0.185,1.207,1864.083067,90,40,0.083275636,448.4221871,0.027535169,0.037432406
3408,0.011411364,6.098,1,0.209,1.775,2533.567418,90,19,0.055077296,138.8035748,0.638042536,0.140554879
3591,0.111359296,2.867,7,0.133,1.247,840.8516186,90,93,0.230689041,365.9668817,0.946329755,0.099675515
3622,0.004303081,3.298,5,0.294,1.487,898.5269067,90,36,0.116144013,172.7939185,0.950663378,0.106241519
3729,0.049987405,1.679,25,0.246,1.813,4102.337442,90,64,0.170695769,140.2562068,0.346689779,0.009435298
3846,0.168940124,2.328,26,0.322,1.759,2990.510453,90,94,0.200290362,293.5164798,0.342622842,0.042982163
3867,0.140781088,1.601,21,0.313,1.792,2727.75352,90,91,0.05873599,111.8492828,0.285752383,0.027082082
3924,0.161744568,6.174,2,0.191,1.751,985.7116337,90,44,0.228365604,354.3330368,0.866324422,0.980694114
3930,0.003172281,4.132,4,0.146,1.785,2468.993068,90,100,0.204481139,405.6144209,0.280818721,0.339416338
3951,0.021081682,5.866,8,0.333,1.424,2572.528877,90,77,0.22578643,471.5096598,0.09960664,0.349349907
3959,0.019879184,3.328,9,0.08,1.208,1770.031705,90,28,0.105831078,241.5134322,0.598306554,0.280905733
4055,0.171194668,5.517,49,0.038,1.222,810.3557214,90,72,0.065550995,169.1892411,0.225815054,0.000429756
4151,0.11782898,4.121,7,0.121,1.937,919.3078857,90,47,0.187724169,180.8694728,0.673511567,0.829725256
4216,0.064708732,5.342,17,0.077,1.627,2850.249639,90,87,0.201545755,301.4698281,0.599173278,0.077521175
4226,0.004602038,3.44,1,0.181,1.69,2494.026054,90,48,0.125124847,262.5057461,0.119874658,0.140995931
4351,0.094514538,4.74,35,0.137,1.468,1004.342479,90,37,0.210189547,377.7674754,0.268684579,0.110305574
4402,0.014695245,2.785,18,0.11,1.631,637.6668704,90,92,0.21678477,289.4525438,0.624308287,0.074914572
4412,0.112571801,1.823,3,0.126,1.841,2284.824495,90,29,0.066254728,212.9587079,0.668044536,0.378887932
4452,0.037577533,4.577,171,0.123,1.842,1573.316074,90,23,0.167713874,174.4061267,0.381558771,0.014103437
4500,0.114834518,1.702,100,0.037,1.547,1547.00446,90,17,0.176354359,288.8069313,0.315421028,0.018839728
4550,0.125445944,4.888,4,0.25,1.163,5141.562038,90,71,0.187813445,162.9517214,0.700980065,0.023615233
4649,0.121583143,2.564,6,0.275,1.726,2484.146391,90,3,0.190687354,437.9783608,0.338222548,0.277347487
4659,0.137270744,2.375,44,0.027,1.182,2138.135931,90,4,0.059844703,469.3826608,0.753916928,0.029220716
4766,0.063177424,3.344,4,0.054,1.69,1774.200907,90,77,0.050974042,314.0441052,0.463897593,0.317361928
4786,0.063600914,3.117,9,0.122,1.672,657.9749048,90,12,0.169234257,403.3951266,0.84165611,0.229949496
4871,0.025735643,5.573,99,0.135,1.758,1399.414679,90,59,0.202652774,339.6164189,0.353490233,0.021680703
4963,0.029636716,6.615,118,0.161,1.633,1238.627449,90,14,0.100835669,422.6689076,0.131742116,0.063535241
4984,0.040196447,4.314,199,0.031,1.745,1705.696155,90,59,0.077758006,384.236519,0.781518768,0.025323928
5050,0.077830506,6.125,46,0.106,1.537,1965.362201,90,42,0.087391229,379.8467227,0.796519768,0.016999166
5128,0.130428448,6.348,6,0.186,1.998,2367.185309,90,72,0.242124259,135.3091351,0.977331822,0.373210786
5168,0.002295861,5.62,15,0.044,1.928,2651.819727,90,44,0.208162973,165.042182,0.996933129,0.045093447
5261,0.130983437,4.506,14,0.013,1.555,1357.951128,90,7,0.147011199,276.8110778,0.862990866,0.167325464
5330,0.00188739,3.169,12,0.088,1.31,4171.320001,90,75,0.146203839,184.7673396,0.895993066,0.325992051
5381,0.166601344,1.663,5,0.12,1.169,4895.808452,90,79,0.167970414,280.5376521,0.982398827,0.070250818
5392,0.102995963,2.929,18,0.202,1.753,2690.076124,90,10,0.094031566,203.1313154,0.765784386,0.030234187
5399,0.069891872,6.041,43,0.111,1.726,1615.546347,90,31,0.105685104,134.5470029,0.730782052,0.10548679
5420,0.11738213,4.282,86,0.05,1.328,956.9086605,90,18,0.206192814,352.2544117,0.708047203,0.002374082
5436,0.079220218,1.779,1,0.157,1.25,5183.701699,90,66,0.145138494,410.8044304,0.192879525,0.087391995
5450,0.099123959,3.671,5,0.246,1.167,1749.889705,90,64,0.249672031,374.9710371,0.062804187,0.470152253
5493,0.020181006,2.325,24,0.201,1.993,1858.463991,90,21,0.127363653,359.5963208,0.255083672,0.079662273
5569,0.028240363,2.025,3,0.194,1.434,8441.402056,90,93,0.111477419,255.1864284,0.766184412,0.146663049
5636,0.125548601,3.862,22,0.181,1.571,2534.626813,90,3,0.24755006,151.7692043,0.102673512,0.024626952
5668,0.089661383,6.131,166,0.054,1.38,1659.388615,90,21,0.083084762,460.3096332,0.107207147,0.039880455
5671,0.084171672,1.382,27,0.027,1.506,1395.001497,90,65,0.06152726,191.03,0.585705714,0.137435318
5707,0.168512131,6.045,29,0.105,1.715,1511.269101,90,49,0.095389789,471.6250259,0.104940329,0.042112666
5751,0.03338409,6.217,231,0.028,1.765,2189.987539,90,16,0.20938138,436.4030854,0.536769118,0.020588919
5811,0.149948587,3.83,47,0.024,1.483,924.4188866,90,47,0.186490048,432.0233258,0.639509301,0.122484385
5922,0.083537682,2.797,2,0.181,1.42,1205.471889,90,61,0.188602752,127.2524691,0.645176345,0.662653419
5965,0.089443255,4.908,20,0.176,1.566,1708.794409,90,11,0.093674063,291.8292754,0.247949863,0.09557295
6031,0.103689306,6.544,5,0.046,1.709,1691.455769,90,58,0.237561339,433.3982697,0.098673245,0.29483821
6034,0.139804797,6.688,25,0.122,1.532,1640.774781,90,60,0.146223184,234.2727002,0.197613174,0.019459162
6060,0.107852554,1.948,53,0.135,1.932,1922.281064,90,53,0.238739541,100.7764681,0.420161344,0.077732605
6151,0.059667906,4.809,9,0.183,1.67,1208.047829,90,87,0.139291081,414.5043736,0.034268951,0.165280778
6176,0.092400217,3.983,20,0.154,1.387,743.2644135,90,11,0.067998388,292.1561375,0.498433229,0.007230833
6260,0.073174197,6.104,26,0.31,1.662,3548.523864,90,80,0.231081812,154.1154758,0.338889259,0.101602767
6352,0.048829893,2.892,13,0.091,1.131,2449.863936,90,32,0.181128446,345.0288763,0.183945596,0.117167802
6395,0.127470281,4.722,100,0.088,1.549,1269.374794,90,8,0.238091739,499.0129348,0.150810054,0.02750605
6424,0.039783175,4.731,149,0.005,1.864,1174.191658,90,14,0.21997824,259.796516,0.368624575,0.028142103
6516,0.13059507,1.637,11,0.299,1.827,2098.550257,90,28,0.197014538,189.8434836,0.380625375,0.463476312
6526,0.036852048,3.718,12,0.197,1.048,3017.16973,90,32,0.155544048,488.9763691,0.80565371,0.022365161
6559,0.147723688,6.713,79,0.032,1.708,1172.05986,90,10,0.237892966,305.0452713,0.379891993,0.093050242
6639,0.092969478,2.931,14,0.225,1.863,2496.629456,90,86,0.231953475,324.2236589,0.329755317,0.33713678
6646,0.103054973,2,17,0.221,1.068,5311.951399,90,89,0.224324074,394.1527878,0.173144876,0.025599743
6771,0.120038518,2.111,2,0.279,1.66,1085.749517,90,16,0.098243621,473.5325737,0.5705047,0.819316071
6794,0.102708305,6.245,33,0.1,1.597,1451.509519,90,72,0.130188525,278.9683754,0.121408094,0.016859702
6795,0.104758293,6.741,11,0.081,1.83,1292.655908,90,72,0.15672021,413.6248371,0.336289086,0.182918125
6802,0.11366857,3.529,18,0.123,1.777,837.0323813,90,38,0.162400609,109.3051865,0.816387759,0.199487977
6821,0.073994689,2.979,11,0.205,1.454,4731.560631,90,90,0.165983778,319.0446101,0.714580972,0.363244356
6851,0.107955697,5.936,27,0.074,1.107,1789.215035,90,49,0.062943363,244.093148,0.594906327,0.00130087
6852,0.110584875,3.825,8,0.233,1.903,4113.43066,90,73,0.202256512,141.8680822,0.826921795,0.147005424
6952,0.149542966,2.163,6,0.177,1.582,4341.451897,90,64,0.131755785,156.0916275,0.334955664,0.083120199
6960,0.070971176,3.96,14,0.035,1.802,1450.242229,90,28,0.106521914,129.8927542,0.407360491,0.120105576
6976,0.091874272,6.716,86,0.01,1.733,1091.088232,90,61,0.176875038,489.3874857,0.741316088,0.045306545
6997,0.106667654,1.755,30,0.107,1.945,770.497704,90,14,0.132158689,223.8959206,0.667311154,0.097747914
7039,0.120033847,2.942,1,0.287,1.431,3929.108767,90,36,0.194093572,265.3700295,0.70604707,0.297158349
7047,0.00454814,3.145,47,0.119,1.92,1500.922771,90,55,0.08369117,232.8914367,0.464830989,0.085820735
7094,0.062481834,2.948,50,0.173,1.862,1759.196627,90,2,0.186545354,268.2328229,0.188545903,0.071449695
7115,0.020195887,2.629,38,0.286,1.012,790.7876313,90,13,0.15779932,228.7621013,0.003133542,0.06820112
7140,0.123389595,2.853,22,0.162,1.525,1028.625728,90,12,0.229970002,444.8007914,0.197746516,0.166542861
7148,0.04301695,3.008,65,0.069,1.356,922.9440812,90,5,0.101036034,151.9891652,0.237415828,0.048044075
7149,0.018411364,3.234,1,0.033,1.699,1352.400712,90,41,0.232100344,478.6198539,0.514900993,0.550609012
7229,0.091265874,5.138,26,0.329,1.76,781.7968145,90,47,0.069842606,249.4979446,0.24714981,0.01988777
7298,0.032620475,6.322,16,0.04,1.298,1258.221512,90,44,0.180439888,124.7727425,0.117207814,0.159106582
7413,0.046507786,5.288,37,0.29,1.934,739.7798666,90,90,0.164015305,494.0483499,0.010134009,0.050046071
7469,0.008560375,1.592,13,0.35,1.009,3668.400713,90,97,0.175609604,459.182826,0.888125875,0.086346712
7497,0.033299708,5.431,2,0.166,1.745,2860.588264,90,83,0.189495416,166.7398557,0.565837723,0.253648172
7542,0.123749791,4.392,35,0.154,1.253,1112.908624,90,48,0.094644703,274.8616787,0.014800987,0.107995837
7551,0.096941347,2.21,2,0.084,1.091,3841.048157,90,46,0.205525337,177.7218753,0.527235149,0.042407392
7600,0.088229092,3.501,63,0.137,1.486,978.2218711,90,19,0.125517783,244.3357383,0.002933529,0.101328535
7641,0.077264987,3.107,16,0.049,1.825,1442.606853,90,15,0.153584744,218.0325701,0.51590106,0.153615163
7651,0.068188279,4.342,26,0.037,1.685,1557.660411,90,16,0.222552634,380.2398253,0.501566771,0.091765406
7653,0.048400165,5.162,9,0.056,1.182,3527.083477,90,65,0.220305186,478.7352147,0.9759984,0.315715252
7674,0.078395272,1.743,19,0.101,1.902,1852.359138,90,52,0.210129341,159.2679136,0.970931395,0.227067856
7690,0.065607444,5.812,8,0.216,1.212,3101.851755,90,53,0.237534322,225.2955572,0.930795386,0.067050377
7711,0.057891087,5.875,116,0.05,1.499,1146.401435,90,26,0.116771068,354.4990068,0.464230949,0.087703129
7988,0.096417804,6.304,177,0.104,1.786,2278.344267,90,47,0.050050141,467.0258099,0.424961664,0.007977482
8024,0.060455101,5.736,25,0.188,1.661,2050.654512,90,59,0.132512772,219.6156326,0.739982666,0.035256267
8045,0.093905405,4.331,78,0.057,1.037,1409.652404,90,47,0.148156641,283.0031217,0.19914661,0.00317883
8053,0.11498602,4.407,78,0.076,1.599,1548.376083,90,43,0.072112774,108.3187062,0.054470298,0.018387088
8060,0.029606179,5.09,195,0.038,1.072,1781.423664,90,47,0.196106275,367.3276936,0.095606374,0.022101211
8081,0.058940949,5.43,183,0.099,1.851,1937.130843,90,46,0.090437441,131.4514217,0.712980865,0.025282691
8092,0.047645235,5.842,111,0.031,1.455,1239.000199,90,5,0.107584852,320.7505376,0.304353624,0.057556603
8167,0.111991129,2.657,50,0.291,1.969,1951.038289,90,37,0.204985587,270.7949088,0.168811254,0.03084403
8238,0.029779557,1.664,54,0.009,1.31,1532.937177,90,79,0.216437623,331.1080174,0.31795453,0.015265514
8247,0.168392307,6.787,3,0.313,1.061,1809.951628,90,11,0.203029215,317.6504794,0.997133142,0.105903766
8253,0.13867369,1.326,8,0.29,1.309,2823.076288,90,61,0.181945775,394.036724,0.499299953,0.073302466
8319,0.141634249,6.305,28,0.149,1.591,1054.705789,90,60,0.080717477,145.097496,0.546903127,0.037314782
8375,0.059598125,4.399,47,0.038,1.629,709.320573,90,47,0.148039757,250.1421423,0.323021535,0.103393047
8386,0.166157016,3.849,37,0.013,1.546,783.2788857,90,97,0.059036404,341.3698267,0.360090673,0.037482112
8489,0.152731711,3.612,101,0.067,1.835,1622.839316,90,6,0.059739963,125.9084686,0.940062671,0.015151199
8525,0.134610392,2.671,24,0.138,1.305,8612.217067,90,100,0.242088826,214.0986225,0.737915861,0.019189193
8606,0.007587409,2.924,2,0.122,1.937,4079.533039,90,92,0.220845388,272.2607844,0.936529102,0.148951432
8622,0.013715018,5.404,11,0.104,1.695,2069.688731,90,88,0.125023852,362.1343292,0.967664511,0.231510112
8657,0.051163516,3.813,7,0.325,1.581,1371.252245,90,88,0.190742891,192.9686095,0.350690046,0.843122243
8707,0.022672559,4.285,31,0.031,1.457,1162.241719,90,79,0.178074141,208.4299178,0.343422895,0.05906098
8724,0.062791808,3.261,18,0.192,1.418,2894.79341,90,88,0.18478608,467.9767557,0.159410627,0.169983756
8843,0.023746983,6.471,42,0.104,1.706,1390.626889,90,22,0.060352805,324.0064652,0.956597106,0.12532554
8925,0.170773629,3.835,2,0.087,1.649,1007.12624,90,40,0.050941288,473.1971171,0.226281752,0.786414937
8941,0.121994229,4.251,85,0.188,1.345,795.7825002,90,14,0.121169303,367.6393805,0.002866858,0.017763673
8970,0.043355088,1.693,1,0.206,1.763,1779.614844,90,89,0.149360123,218.0246457,0.660177345,1
8979,0.068586597,1.813,2,0.105,1.401,3507.219968,90,58,0.245335558,169.4033245,0.548836589,0.412938734
9036,0.174614539,5.212,10,0.219,1.363,2668.968458,90,25,0.0939839,175.8802336,0.81345423,0.107132045
9115,0.120209268,3.572,100,0.09,1.989,1509.229992,90,12,0.245837063,338.5776411,0.325355024,0.037021846
9125,0.158766099,1.903,12,0.245,1.952,3912.759972,90,83,0.146083338,412.4664236,0.787185812,0.224822597
9132,0.017287743,4.405,27,0.347,1.098,4108.998043,90,90,0.197239416,337.2033581,0.110074005,0.012073764
9227,0.155962455,2.754,51,0.057,1.248,1318.97554,90,40,0.155225986,272.102623,0.496833122,0.02007292
9296,0.027603036,2.539,38,0.3,1.769,1755.827437,90,12,0.10942665,292.1768688,0.505367024,0.019456112
9585,0.077049848,1.966,4,0.036,1.312,2556.798865,90,90,0.145850635,427.7897809,0.564837656,0.447489487
9606,0.068485123,1.846,6,0.227,1.1,1890.025085,90,48,0.150885922,370.3029505,0.684512301,0.083692925
9714,0.096611728,2.279,1,0.326,1.581,5967.171876,90,86,0.249157133,499.7980456,0.559237282,0.201892169
9735,0.152245414,2.144,24,0.288,1.306,3410.159194,90,77,0.201957967,334.4043397,0.168277885,0.024461398
9885,0.077378032,6.776,26,0.128,1.659,1973.885971,90,71,0.200033611,397.093487,0.569371291,0.015698776
9933,0.152289609,1.976,15,0.193,1.777,3436.761672,90,30,0.094067881,184.2293922,0.872991533,0.030516097
10075,0.107893498,1.47,2,0.083,1.407,5662.902911,90,98,0.120490522,427.826489,0.941462764,0.468863902
10090,0.02542199,5.924,158,0,1.744,1632.964436,90,45,0.186772898,284.1866966,0.141009401,0.092106948
10122,0.035825842,5.371,114,0.075,1.184,1649.134437,90,5,0.179599169,244.2090424,0.063737583,0.022875532
10126,0.145848231,1.623,72,0.052,1.828,2305.760737,90,56,0.13094701,253.2690417,0.868591239,0.04221666
10191,0.125076542,6.426,16,0.074,1.361,1815.165273,90,81,0.168847223,317.2322718,0.542969531,0.096528849
10265,0.119024291,6.112,96,0.057,1.84,1942.729241,90,41,0.160917027,201.1442205,0.411027402,0.030834323
10280,0.117526757,1.404,25,0.011,1.626,732.1878264,90,92,0.173924208,347.9064767,0.5105007,0.090829246
10310,0.169897212,1.438,1,0.075,1.439,3917.554649,90,58,0.227717628,445.6969692,0.731648777,0.446943635
10345,0.071986623,4.737,50,0.011,1.55,657.1925899,90,69,0.245057852,162.0964343,0.049736649,0.104058988
10347,0.156400194,3.592,20,0.114,1.956,1788.13017,90,96,0.226895432,265.6389306,0.075405027,0.037768578
10441,0.023629359,1.754,1,0.036,1.079,2195.839853,90,16,0.096583082,435.131929,0.49789986,0.251085135
10516,0.015291513,4.95,51,0.161,1.992,833.6868774,90,48,0.160458848,342.860673,0.146476432,0.127874809
10566,0.134533741,5.527,62,0.037,1.35,1244.93475,90,61,0.123245508,409.721621,0.890392693,0.075048807
10632,0.007428982,6.781,7,0.162,1.005,4237.075103,90,72,0.086408774,262.339244,0.181878792,0.002096154
10639,0.162414431,1.634,23,0.119,1.587,2155.59708,90,31,0.185430764,474.4300409,0.496033069,0.049499617
10665,0.077845212,5.462,86,0.062,1.57,1334.273241,90,52,0.203075991,490.9142682,0.838322555,0.040450836
10793,0.008606102,3.811,7,0.326,1.471,3318.374459,90,10,0.236700045,204.0281889,0.636775785,0.168524928
10842,0.07090705,6.825,170,0.022,1.501,2125.784563,90,7,0.196366617,447.9199165,0.845989733,0.039597486
10866,0.124978787,1.739,3,0.052,1.33,1666.543432,90,10,0.229236,270.7101883,0.596373092,0.691470694
10867,0.035265719,5.441,1,0.322,1.883,2131.64423,90,67,0.07756961,381.6523318,0.93219548,0.770685439
10952,0.02933444,6.494,11,0.296,1.05,3867.719158,90,77,0.116554248,210.6195356,0.238415894,0.042700252
10957,0.022632038,5.864,167,0.229,1.463,1630.692115,90,42,0.195148953,109.9075099,0.026201747,0.040071438
11003,0.049876154,2.464,50,0.077,1.482,1400.706298,90,20,0.068884871,188.8258502,0.499966664,0.099776016
11126,0.129260505,4.469,47,0.012,1.778,1383.10481,90,9,0.106760291,356.7045476,0.868324555,0.090262348
11169,0.002499919,3.985,46,0.055,1.952,1975.248341,90,29,0.147024682,345.35215,0.999066604,0.024616205
11171,0.029133603,2.049,16,0.284,1.906,782.1934039,90,17,0.115822855,431.9298474,0.503033536,0.228358345
11201,0.15733111,4.158,3,0.098,1.183,3665.094626,90,59,0.064473028,231.384244,0.987799187,0.056820486
11214,0.008099518,5.069,71,0.171,1.961,1418.229122,90,31,0.228539775,100.1840385,0.046269751,0.05927441
11240,0.079733986,5.354,43,0.046,1.79,1023.31663,90,32,0.141075072,301.3396674,0.56630442,0.124445356
11248,0.0206592,3.778,90,0.028,1.307,1095.451515,90,51,0.114873362,382.0063817,0.312887526,0.065330619
11271,0.112765121,3.701,5,0.256,1.14,7114.440716,90,95,0.22611824,305.0963524,0.960930729,0.099182025
11330,0.151083986,2.54,15,0.205,1.364,2553.213466,90,61,0.242238663,253.585982,0.316021068,0.297329099
11404,0.076364879,5.001,57,0.333,1.687,1281.289687,90,60,0.136376943,434.9946501,0.140009334,0.015831454
11432,0.09829065,4.233,13,0.054,1.991,2088.984168,90,69,0.198710069,172.4874615,0.68384559,0.234528894
11447,0.000742031,3.474,42,0.077,1.322,1294.283181,90,57,0.082321594,304.0255975,0.640909394,0.028602308
11495,0.014047108,5.511,2,0.296,1.654,1910.36601,90,32,0.236099806,217.1292787,0.204746983,0.388720635
11521,0.037749807,2.376,31,0.197,1.8,2079.961536,90,21,0.155654701,419.0810139,0.184878992,0.031016206
11632,0.070724489,4.925,14,0.219,1.916,1270.562697,90,53,0.221962105,492.7088253,0.126808454,0.290308653
11892,0.115338487,2.044,24,0.01,1.51,1202.795555,90,39,0.130931205,417.7835215,0.936462431,0.168329535
11972,0.02499053,5.264,24,0.032,1.356,1767.262279,90,30,0.092862465,108.7680966,0.824921661,0.024409749
12059,0.108838635,2.95,33,0.017,1.735,983.8119908,90,37,0.075471368,189.1030641,0.035469031,0.119110226
12111,0.061601982,6.351,8,0.177,1.925,1607.832128,90,75,0.198528093,101.5902234,0.548169878,0.464477664
12112,0.020472199,6.661,91,0.107,1.922,1305.766709,90,33,0.149683967,354.9065068,0.415827722,0.083946535
12145,0.126344907,5.08,15,0.137,1.099,3865.459421,90,98,0.192334164,397.8856362,0.716781119,0.128656809
12177,0.1654755,3.027,24,0.217,1.233,3391.696989,90,66,0.198808225,199.7332635,0.053603574,0.046413718
12216,0.054609016,2.488,63,0.232,1.746,1396.627547,90,32,0.131674209,284.7918541,0.032535502,0.074919454
12234,0.036555981,5.422,38,0.114,1.549,1792.946407,90,21,0.064223464,343.3579672,0.246749783,0.040083779
12285,0.005536317,3.262,2,0.069,1.798,2016.456067,90,34,0.220708183,388.9301374,0.128608574,0.132141508
12294,0.020791793,4.657,8,0.077,1.751,1739.758072,90,55,0.162896805,261.1521136,0.094672978,0.280854414
12339,0.028471913,3.131,1,0.179,1.55,846.4726488,90,33,0.130402902,191.5171193,0.227615174,0.975721032
12377,0.131782614,3.458,39,0.332,1.524,1740.858695,90,16,0.133245757,474.0714175,0.152476832,0.013669894
12378,0.134159105,2.155,7,0.15,1.28,8376.049977,90,100,0.126590661,475.5764744,0.811187412,0.053052074
12478,0.095248636,3.75,3,0.106,1.084,3641.719313,90,14,0.178259885,235.2857249,0.972198147,0.005857278
12484,0.063583757,5.099,124,0.037,1.891,978.9262008,90,38,0.116503416,240.2860294,0.335022335,0.031009418
12496,0.160070666,3.053,1,0.268,1.319,5897.784782,90,64,0.103051494,290.029819,0.619707981,0.11377479
12502,0.114255966,1.437,6,0.238,1.596,1866.3606,90,53,0.192289098,242.5180512,0.96939796,0.08670068
12566,0.029435388,3.458,4,0.313,1.233,1791.226552,90,79,0.127287933,257.4663223,0.939662644,0.100713096
12639,0.035926004,5.267,2,0.192,1.262,5365.618603,90,77,0.218017924,484.8427283,0.653710247,0.224790465
12671,0.167213345,3.205,25,0.027,1.024,1672.491081,90,45,0.232388061,498.6734479,0.660910727,0.073578722
12789,0.147122424,2.693,10,0.071,1.627,2746.591773,90,65,0.126265518,451.4981862,0.699313288,0.196020741
12836,0.156653986,3.749,20,0.227,1.8,2581.20872,90,38,0.21565429,441.0497845,0.905393693,0.137791467
12874,0.021701439,1.409,3,0.344,1.674,2118.223775,90,44,0.116164792,427.501016,0.90279352,0.124817659
12916,0.0120139,4.355,29,0.299,1.792,4730.24618,90,77,0.220335877,295.4564956,0.863324222,0.040916547
12962,0.141778813,1.656,14,0.098,1.406,6989.895263,90,100,0.128021255,355.5974339,0.889192613,0.088826863
13025,0.051498131,2.55,63,0.092,1.863,1840.759031,90,58,0.090504812,100.2905972,0.637175812,0.068334202
13084,0.031802068,3.125,2,0.248,1.666,3333.965347,90,68,0.213174581,118.7090517,0.622108141,0.334279552
13093,0.036077418,1.528,7,0.193,1.997,2434.777362,90,22,0.194547372,445.4104691,0.904460297,0.440127923
13095,0.013700846,6.126,53,0.068,1.846,1053.557149,90,66,0.076420018,135.6823245,0.534368958,0.073731784
13143,0.009250112,2.37,19,0.136,1.616,1276.748853,90,49,0.086947688,412.0776768,0.6035069,0.244795817
13147,0.087571163,3.131,55,0.025,1.631,728.8333423,90,64,0.165146298,393.4188678,0.373158211,0.050672908
13163,0.020510021,3.157,0,0.005,1.694,2181.332706,90,25,0.164756522,449.599495,0.337622508,0.020436235
13203,0.152635967,1.626,11,0.059,1.569,1588.228187,90,67,0.137964172,110.7972626,0.295953064,0.192412075
13214,0.127294481,4.293,20,0.16,1.558,926.7257796,90,96,0.097765956,373.1161198,0.326021735,0.028949994
13269,0.126118293,6.709,9,0.343,1.436,2106.487422,90,36,0.231412305,112.0298739,0.976865124,0.052861502
13310,0.035815791,2.021,28,0.228,1.253,6289.07613,90,101,0.226939789,361.4410638,0.140209347,0.049262056
13349,0.051073652,2.408,25,0.041,1.202,4411.779312,90,62,0.242374775,433.879641,0.844389626,0.067530575
13376,0.151190116,6.065,111,0.009,1.785,1436.790422,90,18,0.182981156,166.3088298,0.450963398,0.043424423
13377,0.05117841,6.345,13,0.254,1.336,3881.718777,90,94,0.175904907,358.1290945,0.643242883,0.328604897
13393,0.134824632,2.366,3,0.219,1.32,2105.25078,90,74,0.171054326,473.2441709,0.644509634,0.176190479
13395,0.133664803,1.96,9,0.324,1.792,1507.041947,90,48,0.19022834,241.7160368,0.288352557,0.764391582
13467,0.010896881,1.728,5,0.107,1.372,4076.271744,90,28,0.15061538,169.2997834,0.349356624,0.031855251
13575,0.019533469,3.563,56,0.156,1.549,2112.028222,90,5,0.056298035,328.2903844,0.740716048,0.020638728
13579,0.102320368,4.354,10,0.302,1.826,1909.074835,90,40,0.203800328,152.3044893,0.634775652,0.512290575
13587,0.014423626,4.57,1,0.077,1.901,1925.010304,90,92,0.072106489,211.3878594,0.269817988,0.35365722
13723,0.009846779,6.801,77,0.302,1.415,1397.750463,90,39,0.141567333,123.5139569,0.049336622,0.027242466
13750,0.074798103,6.709,163,0.058,1.775,2198.280534,90,19,0.051297466,230.0416132,0.465364358,0.018954156
13757,0.108170742,1.685,1,0.135,1.239,4574.653064,90,68,0.156278823,411.923628,0.503366891,0.153297931
13772,0.010646765,6.056,6,0.209,1.726,2195.467787,90,12,0.227862593,233.2260287,0.681512101,0.318776645
13818,0.012553604,6.605,32,0.114,1.495,1966.723623,90,93,0.13077781,169.4134197,0.691246083,0.009059537
13944,0.023855096,1.397,35,0.044,1.834,1325.556505,90,86,0.249842762,389.7459856,0.006533769,0.033956723
13963,0.122921101,6.003,12,0.089,1.876,1592.794717,90,46,0.110447159,181.0928777,0.136609107,0.066951408
13973,0.069129841,3.48,30,0.065,1.352,1575.636324,90,75,0.093101354,206.1652034,0.117807854,0.01453942
14004,0.120597138,1.758,1,0.29,1.458,8284.073992,90,86,0.056142015,274.7402639,0.582838856,0.051537954
14021,0.087922598,6.483,31,0.266,1.52,1558.1978,90,60,0.230609492,253.8408775,0.201613441,0.028653911
14024,0.095067465,2.271,57,0.069,1.886,940.062259,90,83,0.181810018,454.4141785,0.369624642,0.038041981
14137,0.05934194,3.731,19,0.115,1.763,2033.674488,90,71,0.186121052,279.778784,0.51290086,0.194665511
14139,0.065453824,1.414,30,0.204,1.709,1953.645322,90,5,0.070574458,457.4411548,0.052670178,0.128605038
14147,0.143000135,1.701,59,0.191,1.397,1313.893295,90,42,0.194798346,331.7822158,0.011067404,0.022883869
14203,0.127169334,1.765,30,0.104,1.669,3853.202417,90,100,0.220446979,215.3731925,0.988532569,0.109432624
14227,0.112679093,2.933,9,0.278,1.136,2913.908073,90,49,0.201854615,251.8302937,0.886725782,0.061710197
14317,0.043511463,5.611,3,0.345,1.565,6007.787469,90,71,0.183743034,361.7633136,0.557570505,0.005313909
14319,0.109587799,5.16,43,0.141,1.844,2100.950151,90,12,0.14325947,257.166319,0.580172011,0.006123715
14349,0.106677411,2.74,34,0.061,1.403,639.4515956,90,10,0.16518331,247.001247,0.015334356,0.13790728
14441,0.171615349,5.133,56,0.005,1.017,1614.951395,90,33,0.188788068,294.7907734,0.357157144,0.008409875
14606,0.11653056,1.747,1,0.211,1.256,3062.635298,90,83,0.223921999,202.2756358,0.639842656,0.161919938
14648,0.051139455,2.963,83,0.028,1.482,1248.743427,90,45,0.066349485,293.1183287,0.412894193,0.066012926
14658,0.034451602,5.016,58,0.053,1.104,942.9106845,90,43,0.075865801,369.2757753,0.319887993,0.043130808
14717,0.042635506,3.084,13,0.046,1.837,1340.337516,90,56,0.182513377,270.899832,0.586839123,0.360890431
14725,0.151302457,4.065,29,0.187,1.164,1758.249073,90,61,0.190521391,307.2323066,0.02940196,0.027605515
14729,0.031521132,6.763,10,0.237,1.238,3035.976282,90,41,0.18608972,362.1848494,0.655243683,0.08363251
14839,0.156660175,2.43,10,0.276,1.273,1894.924451,90,70,0.227134823,263.2385307,0.796786452,0.099944734
14852,0.047991946,3.33,40,0.04,1.554,1402.215072,90,83,0.115007331,196.8208297,0.074271618,0.005446723
14902,0.092166771,5.404,15,0.284,1.561,2338.20675,90,59,0.183230165,420.3906948,0.632908861,0.249009283
14954,0.132479907,3.002,30,0.053,1.159,1688.246889,90,14,0.176264741,382.827122,0.144876325,0.053789092
14957,0.156365986,4.038,28,0.018,1.905,928.3178725,90,20,0.113418699,449.262877,0.121208081,0.138590941
14975,0.130358033,2.317,35,0.186,1.849,655.2256797,90,34,0.144987354,447.8126119,0.074871658,0.155185832
