"x","y"
-179.5,61.5
-179.5,62.5
-179.5,63.5
-179.5,64.5
-179.5,65.5
-179.5,66.5
-179.5,67.5
-179.5,68.5
-179.5,69.5
-179.5,70.5
-179.5,71.5
-179.5,72.5
-179.5,73.5
-178.5,61.5
-178.5,62.5
-178.5,63.5
-178.5,64.5
-178.5,65.5
-178.5,66.5
-178.5,67.5
-178.5,68.5
-178.5,69.5
-178.5,70.5
-178.5,71.5
-178.5,72.5
-178.5,73.5
-177.5,61.5
-177.5,62.5
-177.5,63.5
-177.5,64.5
-177.5,65.5
-177.5,66.5
-177.5,67.5
-177.5,68.5
-177.5,69.5
-177.5,70.5
-177.5,71.5
-177.5,72.5
-177.5,73.5
-176.5,61.5
-176.5,62.5
-176.5,63.5
-176.5,64.5
-176.5,65.5
-176.5,66.5
-176.5,67.5
-176.5,68.5
-176.5,69.5
-176.5,70.5
-176.5,71.5
-176.5,72.5
-176.5,73.5
-175.5,61.5
-175.5,62.5
-175.5,63.5
-175.5,64.5
-175.5,65.5
-175.5,66.5
-175.5,67.5
-175.5,68.5
-175.5,69.5
-175.5,70.5
-175.5,71.5
-175.5,72.5
-175.5,73.5
-174.5,61.5
-174.5,62.5
-174.5,63.5
-174.5,64.5
-174.5,65.5
-174.5,66.5
-174.5,67.5
-174.5,68.5
-174.5,69.5
-174.5,70.5
-174.5,71.5
-174.5,72.5
-174.5,73.5
-173.5,58.5
-173.5,59.5
-173.5,60.5
-173.5,61.5
-173.5,62.5
-173.5,63.5
-173.5,64.5
-173.5,65.5
-173.5,66.5
-173.5,67.5
-173.5,68.5
-173.5,69.5
-173.5,70.5
-173.5,71.5
-173.5,72.5
-173.5,73.5
-172.5,58.5
-172.5,59.5
-172.5,60.5
-172.5,61.5
-172.5,62.5
-172.5,63.5
-172.5,64.5
-172.5,65.5
-172.5,66.5
-172.5,67.5
-172.5,68.5
-172.5,69.5
-172.5,70.5
-172.5,71.5
-172.5,72.5
-172.5,73.5
-171.5,58.5
-171.5,59.5
-171.5,60.5
-171.5,61.5
-171.5,62.5
-171.5,63.5
-171.5,64.5
-171.5,65.5
-171.5,66.5
-171.5,67.5
-171.5,68.5
-171.5,69.5
-171.5,70.5
-171.5,71.5
-171.5,72.5
-171.5,73.5
-170.5,58.5
-170.5,59.5
-170.5,60.5
-170.5,61.5
-170.5,62.5
-170.5,63.5
-170.5,64.5
-170.5,65.5
-170.5,66.5
-170.5,67.5
-170.5,68.5
-170.5,69.5
-170.5,70.5
-170.5,71.5
-170.5,72.5
-170.5,73.5
-169.5,56.5
-169.5,57.5
-169.5,58.5
-169.5,59.5
-169.5,60.5
-169.5,61.5
-169.5,62.5
-169.5,63.5
-169.5,64.5
-169.5,65.5
-169.5,66.5
-169.5,67.5
-169.5,68.5
-169.5,69.5
-169.5,70.5
-169.5,71.5
-169.5,72.5
-169.5,73.5
-9.5,54.5
-9.5,55.5
-9.5,56.5
-8.5,37.5
-8.5,38.5
-8.5,39.5
-8.5,40.5
-8.5,41.5
-8.5,42.5
-8.5,43.5
-8.5,44.5
-8.5,51.5
-8.5,52.5
-8.5,53.5
-8.5,54.5
-8.5,55.5
-8.5,56.5
-8.5,57.5
-8.5,58.5
-8.5,59.5
-8.5,60.5
-8.5,61.5
-7.5,37.5
-7.5,38.5
-7.5,39.5
-7.5,40.5
-7.5,41.5
-7.5,42.5
-7.5,43.5
-7.5,44.5
-7.5,51.5
-7.5,52.5
-7.5,53.5
-7.5,54.5
-7.5,55.5
-7.5,56.5
-7.5,57.5
-7.5,58.5
-7.5,59.5
-7.5,60.5
-7.5,61.5
-6.5,37.5
-6.5,38.5
-6.5,39.5
-6.5,40.5
-6.5,41.5
-6.5,42.5
-6.5,43.5
-6.5,44.5
-6.5,51.5
-6.5,52.5
-6.5,53.5
-6.5,54.5
-6.5,55.5
-6.5,56.5
-6.5,57.5
-6.5,58.5
-6.5,59.5
-6.5,60.5
-6.5,61.5
-5.5,37.5
-5.5,38.5
-5.5,39.5
-5.5,40.5
-5.5,41.5
-5.5,42.5
-5.5,43.5
-5.5,44.5
-5.5,51.5
-5.5,52.5
-5.5,53.5
-5.5,54.5
-5.5,55.5
-5.5,56.5
-5.5,57.5
-5.5,58.5
-5.5,59.5
-5.5,60.5
-5.5,61.5
-4.5,37.5
-4.5,38.5
-4.5,39.5
-4.5,40.5
-4.5,41.5
-4.5,42.5
-4.5,43.5
-4.5,44.5
-4.5,46.5
-4.5,47.5
-4.5,48.5
-4.5,49.5
-4.5,50.5
-4.5,51.5
-4.5,52.5
-4.5,53.5
-4.5,54.5
-4.5,55.5
-4.5,56.5
-4.5,57.5
-4.5,58.5
-4.5,59.5
-4.5,60.5
-4.5,61.5
-3.5,37.5
-3.5,38.5
-3.5,39.5
-3.5,40.5
-3.5,41.5
-3.5,42.5
-3.5,43.5
-3.5,44.5
-3.5,46.5
-3.5,47.5
-3.5,48.5
-3.5,49.5
-3.5,50.5
-3.5,51.5
-3.5,52.5
-3.5,53.5
-3.5,54.5
-3.5,55.5
-3.5,56.5
-3.5,57.5
-3.5,58.5
-3.5,59.5
-3.5,60.5
-3.5,61.5
-2.5,37.5
-2.5,38.5
-2.5,39.5
-2.5,40.5
-2.5,41.5
-2.5,42.5
-2.5,43.5
-2.5,44.5
-2.5,46.5
-2.5,47.5
-2.5,48.5
-2.5,49.5
-2.5,50.5
-2.5,51.5
-2.5,52.5
-2.5,53.5
-2.5,54.5
-2.5,55.5
-2.5,56.5
-2.5,57.5
-2.5,58.5
-2.5,59.5
-2.5,60.5
-2.5,61.5
-1.5,37.5
-1.5,38.5
-1.5,39.5
-1.5,40.5
-1.5,41.5
-1.5,42.5
-1.5,43.5
-1.5,44.5
-1.5,45.5
-1.5,46.5
-1.5,47.5
-1.5,48.5
-1.5,49.5
-1.5,50.5
-1.5,51.5
-1.5,52.5
-1.5,53.5
-1.5,54.5
-1.5,55.5
-1.5,56.5
-1.5,57.5
-1.5,58.5
-1.5,59.5
-1.5,60.5
-1.5,61.5
-0.5,38.5
-0.5,39.5
-0.5,40.5
-0.5,41.5
-0.5,42.5
-0.5,43.5
-0.5,44.5
-0.5,45.5
-0.5,46.5
-0.5,47.5
-0.5,48.5
-0.5,49.5
-0.5,50.5
-0.5,51.5
-0.5,52.5
-0.5,53.5
-0.5,54.5
-0.5,55.5
-0.5,56.5
-0.5,57.5
-0.5,58.5
-0.5,59.5
-0.5,60.5
-0.5,61.5
0.5,38.5
0.5,39.5
0.5,40.5
0.5,41.5
0.5,42.5
0.5,43.5
0.5,44.5
0.5,45.5
0.5,46.5
0.5,47.5
0.5,48.5
0.5,49.5
0.5,50.5
0.5,51.5
0.5,52.5
0.5,53.5
0.5,54.5
0.5,55.5
0.5,56.5
0.5,57.5
0.5,58.5
0.5,59.5
0.5,60.5
0.5,61.5
1.5,38.5
1.5,39.5
1.5,40.5
1.5,41.5
1.5,42.5
1.5,43.5
1.5,44.5
1.5,45.5
1.5,46.5
1.5,47.5
1.5,48.5
1.5,49.5
1.5,50.5
1.5,51.5
1.5,52.5
1.5,53.5
1.5,54.5
1.5,55.5
1.5,56.5
1.5,57.5
1.5,58.5
1.5,59.5
1.5,60.5
1.5,61.5
2.5,39.5
2.5,40.5
2.5,41.5
2.5,42.5
2.5,43.5
2.5,44.5
2.5,45.5
2.5,46.5
2.5,47.5
2.5,48.5
2.5,49.5
2.5,50.5
2.5,51.5
2.5,52.5
2.5,53.5
2.5,54.5
2.5,55.5
2.5,56.5
2.5,57.5
2.5,58.5
2.5,59.5
2.5,60.5
2.5,61.5
2.5,62.5
2.5,63.5
3.5,41.5
3.5,42.5
3.5,43.5
3.5,44.5
3.5,45.5
3.5,46.5
3.5,47.5
3.5,48.5
3.5,49.5
3.5,50.5
3.5,51.5
3.5,52.5
3.5,53.5
3.5,54.5
3.5,55.5
3.5,56.5
3.5,57.5
3.5,58.5
3.5,59.5
3.5,60.5
3.5,61.5
3.5,62.5
3.5,63.5
4.5,41.5
4.5,42.5
4.5,43.5
4.5,44.5
4.5,45.5
4.5,46.5
4.5,47.5
4.5,48.5
4.5,49.5
4.5,50.5
4.5,51.5
4.5,52.5
4.5,53.5
4.5,54.5
4.5,55.5
4.5,56.5
4.5,57.5
4.5,58.5
4.5,59.5
4.5,60.5
4.5,61.5
4.5,62.5
4.5,63.5
5.5,41.5
5.5,42.5
5.5,43.5
5.5,44.5
5.5,45.5
5.5,46.5
5.5,47.5
5.5,48.5
5.5,49.5
5.5,50.5
5.5,51.5
5.5,52.5
5.5,53.5
5.5,54.5
5.5,55.5
5.5,56.5
5.5,57.5
5.5,58.5
5.5,59.5
5.5,60.5
5.5,61.5
5.5,62.5
5.5,63.5
6.5,43.5
6.5,44.5
6.5,45.5
6.5,46.5
6.5,47.5
6.5,48.5
6.5,49.5
6.5,50.5
6.5,51.5
6.5,52.5
6.5,53.5
6.5,54.5
6.5,55.5
6.5,56.5
6.5,57.5
6.5,58.5
6.5,59.5
6.5,60.5
6.5,61.5
6.5,62.5
6.5,63.5
6.5,64.5
6.5,65.5
6.5,66.5
7.5,43.5
7.5,44.5
7.5,45.5
7.5,46.5
7.5,47.5
7.5,48.5
7.5,49.5
7.5,50.5
7.5,51.5
7.5,52.5
7.5,53.5
7.5,54.5
7.5,55.5
7.5,56.5
7.5,57.5
7.5,58.5
7.5,59.5
7.5,60.5
7.5,61.5
7.5,62.5
7.5,63.5
7.5,64.5
7.5,65.5
7.5,66.5
8.5,43.5
8.5,44.5
8.5,45.5
8.5,46.5
8.5,47.5
8.5,48.5
8.5,49.5
8.5,50.5
8.5,51.5
8.5,52.5
8.5,53.5
8.5,54.5
8.5,55.5
8.5,56.5
8.5,57.5
8.5,58.5
8.5,59.5
8.5,60.5
8.5,61.5
8.5,62.5
8.5,63.5
8.5,64.5
8.5,65.5
8.5,66.5
9.5,43.5
9.5,44.5
9.5,45.5
9.5,46.5
9.5,47.5
9.5,48.5
9.5,49.5
9.5,50.5
9.5,51.5
9.5,52.5
9.5,53.5
9.5,54.5
9.5,55.5
9.5,56.5
9.5,57.5
9.5,58.5
9.5,59.5
9.5,60.5
9.5,61.5
9.5,62.5
9.5,63.5
9.5,64.5
9.5,65.5
9.5,66.5
10.5,41.5
10.5,42.5
10.5,43.5
10.5,44.5
10.5,45.5
10.5,46.5
10.5,47.5
10.5,48.5
10.5,49.5
10.5,50.5
10.5,51.5
10.5,52.5
10.5,53.5
10.5,54.5
10.5,55.5
10.5,56.5
10.5,57.5
10.5,58.5
10.5,59.5
10.5,60.5
10.5,61.5
10.5,62.5
10.5,63.5
10.5,64.5
10.5,65.5
10.5,66.5
10.5,67.5
10.5,68.5
10.5,76.5
10.5,77.5
10.5,78.5
10.5,79.5
10.5,80.5
10.5,81.5
11.5,41.5
11.5,42.5
11.5,43.5
11.5,44.5
11.5,45.5
11.5,46.5
11.5,47.5
11.5,48.5
11.5,49.5
11.5,50.5
11.5,51.5
11.5,52.5
11.5,53.5
11.5,54.5
11.5,55.5
11.5,56.5
11.5,57.5
11.5,58.5
11.5,59.5
11.5,60.5
11.5,61.5
11.5,62.5
11.5,63.5
11.5,64.5
11.5,65.5
11.5,66.5
11.5,67.5
11.5,68.5
11.5,76.5
11.5,77.5
11.5,78.5
11.5,79.5
11.5,80.5
11.5,81.5
12.5,41.5
12.5,42.5
12.5,43.5
12.5,44.5
12.5,45.5
12.5,46.5
12.5,47.5
12.5,48.5
12.5,49.5
12.5,50.5
12.5,51.5
12.5,52.5
12.5,53.5
12.5,54.5
12.5,55.5
12.5,56.5
12.5,57.5
12.5,58.5
12.5,59.5
12.5,60.5
12.5,61.5
12.5,62.5
12.5,63.5
12.5,64.5
12.5,65.5
12.5,66.5
12.5,67.5
12.5,68.5
12.5,76.5
12.5,77.5
12.5,78.5
12.5,79.5
12.5,80.5
12.5,81.5
13.5,39.5
13.5,40.5
13.5,41.5
13.5,42.5
13.5,43.5
13.5,44.5
13.5,45.5
13.5,46.5
13.5,47.5
13.5,48.5
13.5,49.5
13.5,50.5
13.5,51.5
13.5,52.5
13.5,53.5
13.5,54.5
13.5,55.5
13.5,56.5
13.5,57.5
13.5,58.5
13.5,59.5
13.5,60.5
13.5,61.5
13.5,62.5
13.5,63.5
13.5,64.5
13.5,65.5
13.5,66.5
13.5,67.5
13.5,68.5
13.5,71.5
13.5,72.5
13.5,73.5
13.5,76.5
13.5,77.5
13.5,78.5
13.5,79.5
13.5,80.5
13.5,81.5
14.5,38.5
14.5,39.5
14.5,40.5
14.5,41.5
14.5,42.5
14.5,43.5
14.5,44.5
14.5,45.5
14.5,46.5
14.5,47.5
14.5,48.5
14.5,49.5
14.5,50.5
14.5,51.5
14.5,52.5
14.5,53.5
14.5,54.5
14.5,55.5
14.5,56.5
14.5,57.5
14.5,58.5
14.5,59.5
14.5,60.5
14.5,61.5
14.5,62.5
14.5,63.5
14.5,64.5
14.5,65.5
14.5,66.5
14.5,67.5
14.5,68.5
14.5,71.5
14.5,72.5
14.5,73.5
14.5,76.5
14.5,77.5
14.5,78.5
14.5,79.5
14.5,80.5
14.5,81.5
15.5,38.5
15.5,39.5
15.5,40.5
15.5,41.5
15.5,42.5
15.5,43.5
15.5,44.5
15.5,45.5
15.5,46.5
15.5,47.5
15.5,48.5
15.5,49.5
15.5,50.5
15.5,51.5
15.5,52.5
15.5,53.5
15.5,54.5
15.5,55.5
15.5,56.5
15.5,57.5
15.5,58.5
15.5,59.5
15.5,60.5
15.5,61.5
15.5,62.5
15.5,63.5
15.5,64.5
15.5,65.5
15.5,66.5
15.5,67.5
15.5,68.5
15.5,71.5
15.5,72.5
15.5,73.5
15.5,76.5
15.5,77.5
15.5,78.5
15.5,79.5
15.5,80.5
15.5,81.5
16.5,38.5
16.5,39.5
16.5,40.5
16.5,41.5
16.5,42.5
16.5,43.5
16.5,44.5
16.5,45.5
16.5,46.5
16.5,47.5
16.5,48.5
16.5,49.5
16.5,50.5
16.5,51.5
16.5,52.5
16.5,53.5
16.5,54.5
16.5,55.5
16.5,56.5
16.5,57.5
16.5,58.5
16.5,59.5
16.5,60.5
16.5,61.5
16.5,62.5
16.5,63.5
16.5,64.5
16.5,65.5
16.5,66.5
16.5,67.5
16.5,68.5
16.5,71.5
16.5,72.5
16.5,73.5
16.5,76.5
16.5,77.5
16.5,78.5
16.5,79.5
16.5,80.5
16.5,81.5
17.5,38.5
17.5,39.5
17.5,40.5
17.5,41.5
17.5,42.5
17.5,43.5
17.5,44.5
17.5,45.5
17.5,46.5
17.5,47.5
17.5,48.5
17.5,49.5
17.5,50.5
17.5,51.5
17.5,52.5
17.5,53.5
17.5,54.5
17.5,55.5
17.5,56.5
17.5,57.5
17.5,58.5
17.5,59.5
17.5,60.5
17.5,61.5
17.5,62.5
17.5,63.5
17.5,64.5
17.5,65.5
17.5,66.5
17.5,67.5
17.5,68.5
17.5,69.5
17.5,70.5
17.5,71.5
17.5,72.5
17.5,73.5
17.5,74.5
17.5,75.5
17.5,76.5
17.5,77.5
17.5,78.5
17.5,79.5
17.5,80.5
17.5,81.5
18.5,38.5
18.5,39.5
18.5,40.5
18.5,41.5
18.5,42.5
18.5,43.5
18.5,44.5
18.5,45.5
18.5,46.5
18.5,47.5
18.5,48.5
18.5,49.5
18.5,50.5
18.5,51.5
18.5,52.5
18.5,53.5
18.5,54.5
18.5,55.5
18.5,56.5
18.5,57.5
18.5,58.5
18.5,59.5
18.5,60.5
18.5,61.5
18.5,62.5
18.5,63.5
18.5,64.5
18.5,65.5
18.5,66.5
18.5,67.5
18.5,68.5
18.5,69.5
18.5,70.5
18.5,71.5
18.5,72.5
18.5,73.5
18.5,74.5
18.5,75.5
18.5,76.5
18.5,77.5
18.5,78.5
18.5,79.5
18.5,80.5
18.5,81.5
19.5,38.5
19.5,39.5
19.5,40.5
19.5,41.5
19.5,42.5
19.5,43.5
19.5,44.5
19.5,45.5
19.5,46.5
19.5,47.5
19.5,48.5
19.5,49.5
19.5,50.5
19.5,51.5
19.5,52.5
19.5,53.5
19.5,54.5
19.5,55.5
19.5,56.5
19.5,57.5
19.5,58.5
19.5,59.5
19.5,60.5
19.5,61.5
19.5,62.5
19.5,63.5
19.5,64.5
19.5,65.5
19.5,66.5
19.5,67.5
19.5,68.5
19.5,69.5
19.5,70.5
19.5,71.5
19.5,72.5
19.5,73.5
19.5,74.5
19.5,75.5
19.5,76.5
19.5,77.5
19.5,78.5
19.5,79.5
19.5,80.5
19.5,81.5
20.5,38.5
20.5,39.5
20.5,40.5
20.5,41.5
20.5,42.5
20.5,43.5
20.5,44.5
20.5,45.5
20.5,46.5
20.5,47.5
20.5,48.5
20.5,49.5
20.5,50.5
20.5,51.5
20.5,52.5
20.5,53.5
20.5,54.5
20.5,55.5
20.5,56.5
20.5,57.5
20.5,58.5
20.5,59.5
20.5,60.5
20.5,61.5
20.5,62.5
20.5,63.5
20.5,64.5
20.5,65.5
20.5,66.5
20.5,67.5
20.5,68.5
20.5,69.5
20.5,70.5
20.5,71.5
20.5,72.5
20.5,73.5
20.5,74.5
20.5,75.5
20.5,76.5
20.5,77.5
20.5,78.5
20.5,79.5
20.5,80.5
20.5,81.5
21.5,37.5
21.5,38.5
21.5,39.5
21.5,40.5
21.5,41.5
21.5,42.5
21.5,43.5
21.5,44.5
21.5,45.5
21.5,46.5
21.5,47.5
21.5,48.5
21.5,49.5
21.5,50.5
21.5,51.5
21.5,52.5
21.5,53.5
21.5,54.5
21.5,55.5
21.5,56.5
21.5,57.5
21.5,58.5
21.5,59.5
21.5,60.5
21.5,61.5
21.5,62.5
21.5,63.5
21.5,64.5
21.5,65.5
21.5,66.5
21.5,67.5
21.5,68.5
21.5,69.5
21.5,70.5
21.5,71.5
21.5,72.5
21.5,73.5
21.5,74.5
21.5,75.5
21.5,76.5
21.5,77.5
21.5,78.5
21.5,79.5
21.5,80.5
21.5,81.5
22.5,37.5
22.5,38.5
22.5,39.5
22.5,40.5
22.5,41.5
22.5,42.5
22.5,43.5
22.5,44.5
22.5,45.5
22.5,46.5
22.5,47.5
22.5,48.5
22.5,49.5
22.5,50.5
22.5,51.5
22.5,52.5
22.5,53.5
22.5,54.5
22.5,55.5
22.5,56.5
22.5,57.5
22.5,58.5
22.5,59.5
22.5,60.5
22.5,61.5
22.5,62.5
22.5,63.5
22.5,64.5
22.5,65.5
22.5,66.5
22.5,67.5
22.5,68.5
22.5,69.5
22.5,70.5
22.5,71.5
22.5,72.5
22.5,73.5
22.5,74.5
22.5,75.5
22.5,76.5
22.5,77.5
22.5,78.5
22.5,79.5
22.5,80.5
22.5,81.5
23.5,37.5
23.5,38.5
23.5,39.5
23.5,40.5
23.5,41.5
23.5,42.5
23.5,43.5
23.5,44.5
23.5,45.5
23.5,46.5
23.5,47.5
23.5,48.5
23.5,49.5
23.5,50.5
23.5,51.5
23.5,52.5
23.5,53.5
23.5,54.5
23.5,55.5
23.5,56.5
23.5,57.5
23.5,58.5
23.5,59.5
23.5,60.5
23.5,61.5
23.5,62.5
23.5,63.5
23.5,64.5
23.5,65.5
23.5,66.5
23.5,67.5
23.5,68.5
23.5,69.5
23.5,70.5
23.5,71.5
23.5,72.5
23.5,73.5
23.5,74.5
23.5,75.5
23.5,76.5
23.5,77.5
23.5,78.5
23.5,79.5
23.5,80.5
23.5,81.5
24.5,37.5
24.5,38.5
24.5,39.5
24.5,40.5
24.5,41.5
24.5,42.5
24.5,43.5
24.5,44.5
24.5,45.5
24.5,46.5
24.5,47.5
24.5,48.5
24.5,49.5
24.5,50.5
24.5,51.5
24.5,52.5
24.5,53.5
24.5,54.5
24.5,55.5
24.5,56.5
24.5,57.5
24.5,58.5
24.5,59.5
24.5,60.5
24.5,61.5
24.5,62.5
24.5,63.5
24.5,64.5
24.5,65.5
24.5,66.5
24.5,67.5
24.5,68.5
24.5,69.5
24.5,70.5
24.5,71.5
24.5,72.5
24.5,73.5
24.5,74.5
24.5,75.5
24.5,76.5
24.5,77.5
24.5,78.5
24.5,79.5
24.5,80.5
24.5,81.5
25.5,37.5
25.5,38.5
25.5,39.5
25.5,40.5
25.5,41.5
25.5,42.5
25.5,43.5
25.5,44.5
25.5,45.5
25.5,46.5
25.5,47.5
25.5,48.5
25.5,49.5
25.5,50.5
25.5,51.5
25.5,52.5
25.5,53.5
25.5,54.5
25.5,55.5
25.5,56.5
25.5,57.5
25.5,58.5
25.5,59.5
25.5,60.5
25.5,61.5
25.5,62.5
25.5,63.5
25.5,64.5
25.5,65.5
25.5,66.5
25.5,67.5
25.5,68.5
25.5,69.5
25.5,70.5
25.5,71.5
25.5,72.5
25.5,73.5
25.5,74.5
25.5,75.5
25.5,76.5
25.5,77.5
25.5,78.5
25.5,79.5
25.5,80.5
25.5,81.5
26.5,37.5
26.5,38.5
26.5,39.5
26.5,40.5
26.5,41.5
26.5,42.5
26.5,43.5
26.5,44.5
26.5,45.5
26.5,46.5
26.5,47.5
26.5,48.5
26.5,49.5
26.5,50.5
26.5,51.5
26.5,52.5
26.5,53.5
26.5,54.5
26.5,55.5
26.5,56.5
26.5,57.5
26.5,58.5
26.5,59.5
26.5,60.5
26.5,61.5
26.5,62.5
26.5,63.5
26.5,64.5
26.5,65.5
26.5,66.5
26.5,67.5
26.5,68.5
26.5,69.5
26.5,70.5
26.5,71.5
26.5,72.5
26.5,73.5
26.5,74.5
26.5,75.5
26.5,76.5
26.5,77.5
26.5,78.5
26.5,79.5
26.5,80.5
26.5,81.5
27.5,37.5
27.5,38.5
27.5,39.5
27.5,40.5
27.5,41.5
27.5,42.5
27.5,43.5
27.5,44.5
27.5,45.5
27.5,46.5
27.5,47.5
27.5,48.5
27.5,49.5
27.5,50.5
27.5,51.5
27.5,52.5
27.5,53.5
27.5,54.5
27.5,55.5
27.5,56.5
27.5,57.5
27.5,58.5
27.5,59.5
27.5,60.5
27.5,61.5
27.5,62.5
27.5,63.5
27.5,64.5
27.5,65.5
27.5,66.5
27.5,67.5
27.5,68.5
27.5,69.5
27.5,70.5
27.5,71.5
27.5,72.5
27.5,73.5
27.5,74.5
27.5,75.5
27.5,76.5
27.5,77.5
27.5,78.5
27.5,79.5
27.5,80.5
27.5,81.5
28.5,37.5
28.5,38.5
28.5,39.5
28.5,40.5
28.5,41.5
28.5,42.5
28.5,43.5
28.5,44.5
28.5,45.5
28.5,46.5
28.5,47.5
28.5,48.5
28.5,49.5
28.5,50.5
28.5,51.5
28.5,52.5
28.5,53.5
28.5,54.5
28.5,55.5
28.5,56.5
28.5,57.5
28.5,58.5
28.5,59.5
28.5,60.5
28.5,61.5
28.5,62.5
28.5,63.5
28.5,64.5
28.5,65.5
28.5,66.5
28.5,67.5
28.5,68.5
28.5,69.5
28.5,70.5
28.5,71.5
28.5,72.5
28.5,73.5
28.5,74.5
28.5,75.5
28.5,76.5
28.5,77.5
28.5,78.5
28.5,79.5
28.5,80.5
28.5,81.5
29.5,37.5
29.5,38.5
29.5,39.5
29.5,40.5
29.5,41.5
29.5,43.5
29.5,44.5
29.5,45.5
29.5,46.5
29.5,47.5
29.5,48.5
29.5,49.5
29.5,50.5
29.5,51.5
29.5,52.5
29.5,53.5
29.5,54.5
29.5,55.5
29.5,56.5
29.5,57.5
29.5,58.5
29.5,59.5
29.5,60.5
29.5,61.5
29.5,62.5
29.5,63.5
29.5,64.5
29.5,65.5
29.5,66.5
29.5,67.5
29.5,68.5
29.5,69.5
29.5,70.5
29.5,71.5
29.5,72.5
29.5,73.5
29.5,74.5
29.5,75.5
29.5,76.5
29.5,77.5
29.5,78.5
29.5,79.5
29.5,80.5
29.5,81.5
30.5,37.5
30.5,38.5
30.5,39.5
30.5,40.5
30.5,41.5
30.5,43.5
30.5,44.5
30.5,45.5
30.5,46.5
30.5,47.5
30.5,48.5
30.5,49.5
30.5,50.5
30.5,51.5
30.5,52.5
30.5,53.5
30.5,54.5
30.5,55.5
30.5,56.5
30.5,57.5
30.5,58.5
30.5,59.5
30.5,60.5
30.5,61.5
30.5,62.5
30.5,63.5
30.5,64.5
30.5,65.5
30.5,66.5
30.5,67.5
30.5,68.5
30.5,69.5
30.5,70.5
30.5,71.5
30.5,72.5
30.5,73.5
30.5,74.5
30.5,75.5
30.5,76.5
30.5,77.5
30.5,78.5
30.5,79.5
30.5,80.5
30.5,81.5
31.5,37.5
31.5,38.5
31.5,39.5
31.5,40.5
31.5,41.5
31.5,43.5
31.5,44.5
31.5,45.5
31.5,46.5
31.5,47.5
31.5,48.5
31.5,49.5
31.5,50.5
31.5,51.5
31.5,52.5
31.5,53.5
31.5,54.5
31.5,55.5
31.5,56.5
31.5,57.5
31.5,58.5
31.5,59.5
31.5,60.5
31.5,61.5
31.5,62.5
31.5,63.5
31.5,64.5
31.5,65.5
31.5,66.5
31.5,67.5
31.5,68.5
31.5,69.5
31.5,70.5
31.5,71.5
31.5,72.5
31.5,73.5
31.5,74.5
31.5,75.5
31.5,76.5
31.5,77.5
31.5,78.5
31.5,79.5
31.5,80.5
31.5,81.5
32.5,37.5
32.5,38.5
32.5,39.5
32.5,40.5
32.5,41.5
32.5,43.5
32.5,44.5
32.5,45.5
32.5,46.5
32.5,47.5
32.5,48.5
32.5,49.5
32.5,50.5
32.5,51.5
32.5,52.5
32.5,53.5
32.5,54.5
32.5,55.5
32.5,56.5
32.5,57.5
32.5,58.5
32.5,59.5
32.5,60.5
32.5,61.5
32.5,62.5
32.5,63.5
32.5,64.5
32.5,65.5
32.5,66.5
32.5,67.5
32.5,68.5
32.5,69.5
32.5,70.5
32.5,71.5
32.5,72.5
32.5,73.5
32.5,74.5
32.5,75.5
32.5,76.5
32.5,77.5
32.5,78.5
32.5,79.5
32.5,80.5
32.5,81.5
33.5,37.5
33.5,38.5
33.5,39.5
33.5,40.5
33.5,41.5
33.5,43.5
33.5,44.5
33.5,45.5
33.5,46.5
33.5,47.5
33.5,48.5
33.5,49.5
33.5,50.5
33.5,51.5
33.5,52.5
33.5,53.5
33.5,54.5
33.5,55.5
33.5,56.5
33.5,57.5
33.5,58.5
33.5,59.5
33.5,60.5
33.5,61.5
33.5,62.5
33.5,63.5
33.5,64.5
33.5,65.5
33.5,66.5
33.5,67.5
33.5,68.5
33.5,69.5
33.5,70.5
33.5,71.5
33.5,72.5
33.5,73.5
33.5,74.5
33.5,75.5
33.5,76.5
33.5,77.5
33.5,78.5
33.5,79.5
33.5,80.5
33.5,81.5
34.5,37.5
34.5,38.5
34.5,39.5
34.5,40.5
34.5,41.5
34.5,46.5
34.5,47.5
34.5,48.5
34.5,49.5
34.5,50.5
34.5,51.5
34.5,52.5
34.5,53.5
34.5,54.5
34.5,55.5
34.5,56.5
34.5,57.5
34.5,58.5
34.5,59.5
34.5,60.5
34.5,61.5
34.5,62.5
34.5,63.5
34.5,64.5
34.5,65.5
34.5,66.5
34.5,67.5
34.5,68.5
34.5,69.5
34.5,70.5
34.5,71.5
34.5,72.5
34.5,73.5
34.5,74.5
34.5,75.5
34.5,76.5
34.5,77.5
34.5,78.5
34.5,79.5
34.5,80.5
34.5,81.5
35.5,37.5
35.5,38.5
35.5,39.5
35.5,40.5
35.5,41.5
35.5,46.5
35.5,47.5
35.5,48.5
35.5,49.5
35.5,50.5
35.5,51.5
35.5,52.5
35.5,53.5
35.5,54.5
35.5,55.5
35.5,56.5
35.5,57.5
35.5,58.5
35.5,59.5
35.5,60.5
35.5,61.5
35.5,62.5
35.5,63.5
35.5,64.5
35.5,65.5
35.5,66.5
35.5,67.5
35.5,68.5
35.5,69.5
35.5,70.5
35.5,71.5
35.5,72.5
35.5,73.5
35.5,74.5
35.5,75.5
35.5,76.5
35.5,77.5
35.5,78.5
35.5,79.5
35.5,80.5
35.5,81.5
36.5,37.5
36.5,38.5
36.5,39.5
36.5,40.5
36.5,41.5
36.5,43.5
36.5,44.5
36.5,45.5
36.5,46.5
36.5,47.5
36.5,48.5
36.5,49.5
36.5,50.5
36.5,51.5
36.5,52.5
36.5,53.5
36.5,54.5
36.5,55.5
36.5,56.5
36.5,57.5
36.5,58.5
36.5,59.5
36.5,60.5
36.5,61.5
36.5,62.5
36.5,63.5
36.5,64.5
36.5,65.5
36.5,66.5
36.5,67.5
36.5,68.5
36.5,69.5
36.5,70.5
36.5,71.5
36.5,72.5
36.5,73.5
36.5,74.5
36.5,75.5
36.5,76.5
36.5,77.5
36.5,78.5
36.5,79.5
36.5,80.5
36.5,81.5
37.5,37.5
37.5,38.5
37.5,39.5
37.5,40.5
37.5,41.5
37.5,43.5
37.5,44.5
37.5,45.5
37.5,46.5
37.5,47.5
37.5,48.5
37.5,49.5
37.5,50.5
37.5,51.5
37.5,52.5
37.5,53.5
37.5,54.5
37.5,55.5
37.5,56.5
37.5,57.5
37.5,58.5
37.5,59.5
37.5,60.5
37.5,61.5
37.5,62.5
37.5,63.5
37.5,64.5
37.5,65.5
37.5,66.5
37.5,67.5
37.5,68.5
37.5,69.5
37.5,70.5
37.5,71.5
37.5,72.5
37.5,73.5
37.5,74.5
37.5,75.5
37.5,76.5
37.5,77.5
37.5,78.5
37.5,79.5
37.5,80.5
37.5,81.5
38.5,37.5
38.5,38.5
38.5,39.5
38.5,40.5
38.5,41.5
38.5,43.5
38.5,44.5
38.5,45.5
38.5,46.5
38.5,47.5
38.5,48.5
38.5,49.5
38.5,50.5
38.5,51.5
38.5,52.5
38.5,53.5
38.5,54.5
38.5,55.5
38.5,56.5
38.5,57.5
38.5,58.5
38.5,59.5
38.5,60.5
38.5,61.5
38.5,62.5
38.5,63.5
38.5,64.5
38.5,65.5
38.5,66.5
38.5,67.5
38.5,68.5
38.5,69.5
38.5,70.5
38.5,71.5
38.5,72.5
38.5,73.5
38.5,74.5
38.5,75.5
38.5,76.5
38.5,77.5
38.5,78.5
38.5,79.5
38.5,80.5
38.5,81.5
39.5,37.5
39.5,38.5
39.5,39.5
39.5,40.5
39.5,41.5
39.5,43.5
39.5,44.5
39.5,45.5
39.5,46.5
39.5,47.5
39.5,48.5
39.5,49.5
39.5,50.5
39.5,51.5
39.5,52.5
39.5,53.5
39.5,54.5
39.5,55.5
39.5,56.5
39.5,57.5
39.5,58.5
39.5,59.5
39.5,60.5
39.5,61.5
39.5,62.5
39.5,63.5
39.5,64.5
39.5,65.5
39.5,66.5
39.5,67.5
39.5,68.5
39.5,69.5
39.5,70.5
39.5,71.5
39.5,72.5
39.5,73.5
39.5,74.5
39.5,75.5
39.5,76.5
39.5,77.5
39.5,78.5
39.5,79.5
39.5,80.5
39.5,81.5
40.5,37.5
40.5,38.5
40.5,39.5
40.5,40.5
40.5,41.5
40.5,42.5
40.5,43.5
40.5,44.5
40.5,45.5
40.5,46.5
40.5,47.5
40.5,48.5
40.5,49.5
40.5,50.5
40.5,51.5
40.5,52.5
40.5,53.5
40.5,54.5
40.5,55.5
40.5,56.5
40.5,57.5
40.5,58.5
40.5,59.5
40.5,60.5
40.5,61.5
40.5,62.5
40.5,63.5
40.5,64.5
40.5,65.5
40.5,66.5
40.5,67.5
40.5,68.5
40.5,69.5
40.5,70.5
40.5,71.5
40.5,72.5
40.5,73.5
40.5,74.5
40.5,75.5
40.5,76.5
40.5,77.5
40.5,78.5
40.5,79.5
40.5,80.5
40.5,81.5
41.5,37.5
41.5,38.5
41.5,39.5
41.5,40.5
41.5,41.5
41.5,42.5
41.5,43.5
41.5,44.5
41.5,45.5
41.5,46.5
41.5,47.5
41.5,48.5
41.5,49.5
41.5,50.5
41.5,51.5
41.5,52.5
41.5,53.5
41.5,54.5
41.5,55.5
41.5,56.5
41.5,57.5
41.5,58.5
41.5,59.5
41.5,60.5
41.5,61.5
41.5,62.5
41.5,63.5
41.5,64.5
41.5,65.5
41.5,66.5
41.5,67.5
41.5,68.5
41.5,69.5
41.5,70.5
41.5,71.5
41.5,72.5
41.5,73.5
41.5,74.5
41.5,75.5
41.5,76.5
41.5,77.5
41.5,78.5
41.5,79.5
41.5,80.5
41.5,81.5
42.5,37.5
42.5,38.5
42.5,39.5
42.5,40.5
42.5,41.5
42.5,42.5
42.5,43.5
42.5,44.5
42.5,45.5
42.5,46.5
42.5,47.5
42.5,48.5
42.5,49.5
42.5,50.5
42.5,51.5
42.5,52.5
42.5,53.5
42.5,54.5
42.5,55.5
42.5,56.5
42.5,57.5
42.5,58.5
42.5,59.5
42.5,60.5
42.5,61.5
42.5,62.5
42.5,63.5
42.5,64.5
42.5,65.5
42.5,66.5
42.5,67.5
42.5,68.5
42.5,69.5
42.5,70.5
42.5,71.5
42.5,72.5
42.5,73.5
42.5,74.5
42.5,75.5
42.5,76.5
42.5,77.5
42.5,78.5
42.5,79.5
42.5,80.5
42.5,81.5
43.5,37.5
43.5,38.5
43.5,39.5
43.5,40.5
43.5,41.5
43.5,42.5
43.5,43.5
43.5,44.5
43.5,45.5
43.5,46.5
43.5,47.5
43.5,48.5
43.5,49.5
43.5,50.5
43.5,51.5
43.5,52.5
43.5,53.5
43.5,54.5
43.5,55.5
43.5,56.5
43.5,57.5
43.5,58.5
43.5,59.5
43.5,60.5
43.5,61.5
43.5,62.5
43.5,63.5
43.5,64.5
43.5,65.5
43.5,66.5
43.5,67.5
43.5,68.5
43.5,69.5
43.5,70.5
43.5,71.5
43.5,72.5
43.5,73.5
43.5,74.5
43.5,75.5
43.5,76.5
43.5,77.5
43.5,78.5
43.5,79.5
43.5,80.5
43.5,81.5
44.5,37.5
44.5,38.5
44.5,39.5
44.5,40.5
44.5,41.5
44.5,42.5
44.5,43.5
44.5,44.5
44.5,45.5
44.5,46.5
44.5,47.5
44.5,48.5
44.5,49.5
44.5,50.5
44.5,51.5
44.5,52.5
44.5,53.5
44.5,54.5
44.5,55.5
44.5,56.5
44.5,57.5
44.5,58.5
44.5,59.5
44.5,60.5
44.5,61.5
44.5,62.5
44.5,63.5
44.5,64.5
44.5,65.5
44.5,66.5
44.5,67.5
44.5,68.5
44.5,69.5
44.5,70.5
44.5,71.5
44.5,72.5
44.5,73.5
44.5,74.5
44.5,75.5
44.5,76.5
44.5,77.5
44.5,78.5
44.5,79.5
44.5,80.5
44.5,81.5
45.5,37.5
45.5,38.5
45.5,39.5
45.5,40.5
45.5,41.5
45.5,42.5
45.5,43.5
45.5,44.5
45.5,45.5
45.5,46.5
45.5,47.5
45.5,48.5
45.5,49.5
45.5,50.5
45.5,51.5
45.5,52.5
45.5,53.5
45.5,54.5
45.5,55.5
45.5,56.5
45.5,57.5
45.5,58.5
45.5,59.5
45.5,60.5
45.5,61.5
45.5,62.5
45.5,63.5
45.5,64.5
45.5,65.5
45.5,66.5
45.5,67.5
45.5,68.5
45.5,69.5
45.5,70.5
45.5,71.5
45.5,72.5
45.5,73.5
45.5,74.5
45.5,75.5
45.5,76.5
45.5,77.5
45.5,78.5
45.5,79.5
45.5,80.5
45.5,81.5
46.5,37.5
46.5,38.5
46.5,39.5
46.5,40.5
46.5,41.5
46.5,42.5
46.5,43.5
46.5,44.5
46.5,45.5
46.5,46.5
46.5,47.5
46.5,48.5
46.5,49.5
46.5,50.5
46.5,51.5
46.5,52.5
46.5,53.5
46.5,54.5
46.5,55.5
46.5,56.5
46.5,57.5
46.5,58.5
46.5,59.5
46.5,60.5
46.5,61.5
46.5,62.5
46.5,63.5
46.5,64.5
46.5,65.5
46.5,66.5
46.5,67.5
46.5,68.5
46.5,69.5
46.5,70.5
46.5,71.5
46.5,72.5
46.5,73.5
46.5,74.5
46.5,75.5
46.5,76.5
46.5,77.5
46.5,78.5
46.5,79.5
46.5,80.5
46.5,81.5
47.5,37.5
47.5,38.5
47.5,39.5
47.5,40.5
47.5,41.5
47.5,42.5
47.5,43.5
47.5,44.5
47.5,45.5
47.5,46.5
47.5,47.5
47.5,48.5
47.5,49.5
47.5,50.5
47.5,51.5
47.5,52.5
47.5,53.5
47.5,54.5
47.5,55.5
47.5,56.5
47.5,57.5
47.5,58.5
47.5,59.5
47.5,60.5
47.5,61.5
47.5,62.5
47.5,63.5
47.5,64.5
47.5,65.5
47.5,66.5
47.5,67.5
47.5,68.5
47.5,69.5
47.5,70.5
47.5,71.5
47.5,72.5
47.5,73.5
47.5,74.5
47.5,75.5
47.5,76.5
47.5,77.5
47.5,78.5
47.5,79.5
47.5,80.5
47.5,81.5
48.5,37.5
48.5,38.5
48.5,39.5
48.5,40.5
48.5,41.5
48.5,46.5
48.5,47.5
48.5,48.5
48.5,49.5
48.5,50.5
48.5,51.5
48.5,52.5
48.5,53.5
48.5,54.5
48.5,55.5
48.5,56.5
48.5,57.5
48.5,58.5
48.5,59.5
48.5,60.5
48.5,61.5
48.5,62.5
48.5,63.5
48.5,64.5
48.5,65.5
48.5,66.5
48.5,67.5
48.5,68.5
48.5,69.5
48.5,70.5
48.5,71.5
48.5,72.5
48.5,73.5
48.5,74.5
48.5,75.5
48.5,76.5
48.5,77.5
48.5,78.5
48.5,79.5
48.5,80.5
48.5,81.5
49.5,37.5
49.5,38.5
49.5,39.5
49.5,40.5
49.5,41.5
49.5,46.5
49.5,47.5
49.5,48.5
49.5,49.5
49.5,50.5
49.5,51.5
49.5,52.5
49.5,53.5
49.5,54.5
49.5,55.5
49.5,56.5
49.5,57.5
49.5,58.5
49.5,59.5
49.5,60.5
49.5,61.5
49.5,62.5
49.5,63.5
49.5,64.5
49.5,65.5
49.5,66.5
49.5,67.5
49.5,68.5
49.5,69.5
49.5,70.5
49.5,71.5
49.5,72.5
49.5,73.5
49.5,74.5
49.5,75.5
49.5,76.5
49.5,77.5
49.5,78.5
49.5,79.5
49.5,80.5
49.5,81.5
50.5,37.5
50.5,38.5
50.5,39.5
50.5,40.5
50.5,41.5
50.5,45.5
50.5,46.5
50.5,47.5
50.5,48.5
50.5,49.5
50.5,50.5
50.5,51.5
50.5,52.5
50.5,53.5
50.5,54.5
50.5,55.5
50.5,56.5
50.5,57.5
50.5,58.5
50.5,59.5
50.5,60.5
50.5,61.5
50.5,62.5
50.5,63.5
50.5,64.5
50.5,65.5
50.5,66.5
50.5,67.5
50.5,68.5
50.5,69.5
50.5,70.5
50.5,71.5
50.5,72.5
50.5,73.5
50.5,74.5
50.5,75.5
50.5,76.5
50.5,77.5
50.5,78.5
50.5,79.5
50.5,80.5
50.5,81.5
51.5,41.5
51.5,42.5
51.5,43.5
51.5,44.5
51.5,45.5
51.5,46.5
51.5,47.5
51.5,48.5
51.5,49.5
51.5,50.5
51.5,51.5
51.5,52.5
51.5,53.5
51.5,54.5
51.5,55.5
51.5,56.5
51.5,57.5
51.5,58.5
51.5,59.5
51.5,60.5
51.5,61.5
51.5,62.5
51.5,63.5
51.5,64.5
51.5,65.5
51.5,66.5
51.5,67.5
51.5,68.5
51.5,69.5
51.5,70.5
51.5,71.5
51.5,72.5
51.5,73.5
51.5,74.5
51.5,75.5
51.5,76.5
51.5,77.5
51.5,78.5
51.5,79.5
51.5,80.5
51.5,81.5
52.5,41.5
52.5,42.5
52.5,43.5
52.5,44.5
52.5,45.5
52.5,46.5
52.5,47.5
52.5,48.5
52.5,49.5
52.5,50.5
52.5,51.5
52.5,52.5
52.5,53.5
52.5,54.5
52.5,55.5
52.5,56.5
52.5,57.5
52.5,58.5
52.5,59.5
52.5,60.5
52.5,61.5
52.5,62.5
52.5,63.5
52.5,64.5
52.5,65.5
52.5,66.5
52.5,67.5
52.5,68.5
52.5,69.5
52.5,70.5
52.5,71.5
52.5,72.5
52.5,73.5
52.5,74.5
52.5,75.5
52.5,76.5
52.5,77.5
52.5,78.5
52.5,79.5
52.5,80.5
52.5,81.5
53.5,41.5
53.5,42.5
53.5,43.5
53.5,44.5
53.5,45.5
53.5,46.5
53.5,47.5
53.5,48.5
53.5,49.5
53.5,50.5
53.5,51.5
53.5,52.5
53.5,53.5
53.5,54.5
53.5,55.5
53.5,56.5
53.5,57.5
53.5,58.5
53.5,59.5
53.5,60.5
53.5,61.5
53.5,62.5
53.5,63.5
53.5,64.5
53.5,65.5
53.5,66.5
53.5,67.5
53.5,68.5
53.5,69.5
53.5,70.5
53.5,71.5
53.5,72.5
53.5,73.5
53.5,74.5
53.5,75.5
53.5,76.5
53.5,77.5
53.5,78.5
53.5,79.5
53.5,80.5
53.5,81.5
54.5,41.5
54.5,42.5
54.5,43.5
54.5,44.5
54.5,45.5
54.5,46.5
54.5,47.5
54.5,48.5
54.5,49.5
54.5,50.5
54.5,51.5
54.5,52.5
54.5,53.5
54.5,54.5
54.5,55.5
54.5,56.5
54.5,57.5
54.5,58.5
54.5,59.5
54.5,60.5
54.5,61.5
54.5,62.5
54.5,63.5
54.5,64.5
54.5,65.5
54.5,66.5
54.5,67.5
54.5,68.5
54.5,69.5
54.5,70.5
54.5,71.5
54.5,72.5
54.5,73.5
54.5,74.5
54.5,75.5
54.5,76.5
54.5,77.5
54.5,78.5
54.5,79.5
54.5,80.5
54.5,81.5
55.5,37.5
55.5,38.5
55.5,39.5
55.5,40.5
55.5,41.5
55.5,42.5
55.5,43.5
55.5,44.5
55.5,45.5
55.5,46.5
55.5,47.5
55.5,48.5
55.5,49.5
55.5,50.5
55.5,51.5
55.5,52.5
55.5,53.5
55.5,54.5
55.5,55.5
55.5,56.5
55.5,57.5
55.5,58.5
55.5,59.5
55.5,60.5
55.5,61.5
55.5,62.5
55.5,63.5
55.5,64.5
55.5,65.5
55.5,66.5
55.5,67.5
55.5,68.5
55.5,69.5
55.5,70.5
55.5,71.5
55.5,72.5
55.5,73.5
55.5,74.5
55.5,75.5
55.5,76.5
55.5,77.5
55.5,78.5
55.5,79.5
55.5,80.5
55.5,81.5
56.5,37.5
56.5,38.5
56.5,39.5
56.5,40.5
56.5,41.5
56.5,42.5
56.5,43.5
56.5,44.5
56.5,45.5
56.5,46.5
56.5,47.5
56.5,48.5
56.5,49.5
56.5,50.5
56.5,51.5
56.5,52.5
56.5,53.5
56.5,54.5
56.5,55.5
56.5,56.5
56.5,57.5
56.5,58.5
56.5,59.5
56.5,60.5
56.5,61.5
56.5,62.5
56.5,63.5
56.5,64.5
56.5,65.5
56.5,66.5
56.5,67.5
56.5,68.5
56.5,69.5
56.5,70.5
56.5,71.5
56.5,72.5
56.5,73.5
56.5,74.5
56.5,75.5
56.5,76.5
56.5,77.5
56.5,78.5
56.5,79.5
56.5,80.5
56.5,81.5
57.5,37.5
57.5,38.5
57.5,39.5
57.5,40.5
57.5,41.5
57.5,42.5
57.5,43.5
57.5,44.5
57.5,45.5
57.5,46.5
57.5,47.5
57.5,48.5
57.5,49.5
57.5,50.5
57.5,51.5
57.5,52.5
57.5,53.5
57.5,54.5
57.5,55.5
57.5,56.5
57.5,57.5
57.5,58.5
57.5,59.5
57.5,60.5
57.5,61.5
57.5,62.5
57.5,63.5
57.5,64.5
57.5,65.5
57.5,66.5
57.5,67.5
57.5,68.5
57.5,69.5
57.5,70.5
57.5,71.5
57.5,72.5
57.5,73.5
57.5,74.5
57.5,75.5
57.5,76.5
57.5,77.5
57.5,78.5
57.5,79.5
57.5,80.5
57.5,81.5
58.5,37.5
58.5,38.5
58.5,39.5
58.5,40.5
58.5,41.5
58.5,42.5
58.5,43.5
58.5,44.5
58.5,45.5
58.5,46.5
58.5,47.5
58.5,48.5
58.5,49.5
58.5,50.5
58.5,51.5
58.5,52.5
58.5,53.5
58.5,54.5
58.5,55.5
58.5,56.5
58.5,57.5
58.5,58.5
58.5,59.5
58.5,60.5
58.5,61.5
58.5,62.5
58.5,63.5
58.5,64.5
58.5,65.5
58.5,66.5
58.5,67.5
58.5,68.5
58.5,69.5
58.5,70.5
58.5,71.5
58.5,72.5
58.5,73.5
58.5,74.5
58.5,75.5
58.5,76.5
58.5,77.5
58.5,78.5
58.5,79.5
58.5,80.5
58.5,81.5
59.5,37.5
59.5,38.5
59.5,39.5
59.5,40.5
59.5,41.5
59.5,42.5
59.5,43.5
59.5,44.5
59.5,45.5
59.5,46.5
59.5,47.5
59.5,48.5
59.5,49.5
59.5,50.5
59.5,51.5
59.5,52.5
59.5,53.5
59.5,54.5
59.5,55.5
59.5,56.5
59.5,57.5
59.5,58.5
59.5,59.5
59.5,60.5
59.5,61.5
59.5,62.5
59.5,63.5
59.5,64.5
59.5,65.5
59.5,66.5
59.5,67.5
59.5,68.5
59.5,69.5
59.5,70.5
59.5,71.5
59.5,72.5
59.5,73.5
59.5,74.5
59.5,75.5
59.5,76.5
59.5,77.5
59.5,78.5
59.5,79.5
59.5,80.5
59.5,81.5
60.5,37.5
60.5,38.5
60.5,39.5
60.5,40.5
60.5,41.5
60.5,42.5
60.5,43.5
60.5,44.5
60.5,45.5
60.5,46.5
60.5,47.5
60.5,48.5
60.5,49.5
60.5,50.5
60.5,51.5
60.5,52.5
60.5,53.5
60.5,54.5
60.5,55.5
60.5,56.5
60.5,57.5
60.5,58.5
60.5,59.5
60.5,60.5
60.5,61.5
60.5,62.5
60.5,63.5
60.5,64.5
60.5,65.5
60.5,66.5
60.5,67.5
60.5,68.5
60.5,69.5
60.5,70.5
60.5,71.5
60.5,72.5
60.5,73.5
60.5,74.5
60.5,75.5
60.5,76.5
60.5,77.5
60.5,78.5
60.5,79.5
60.5,80.5
60.5,81.5
61.5,37.5
61.5,38.5
61.5,39.5
61.5,40.5
61.5,41.5
61.5,42.5
61.5,43.5
61.5,44.5
61.5,45.5
61.5,46.5
61.5,47.5
61.5,48.5
61.5,49.5
61.5,50.5
61.5,51.5
61.5,52.5
61.5,53.5
61.5,54.5
61.5,55.5
61.5,56.5
61.5,57.5
61.5,58.5
61.5,59.5
61.5,60.5
61.5,61.5
61.5,62.5
61.5,63.5
61.5,64.5
61.5,65.5
61.5,66.5
61.5,67.5
61.5,68.5
61.5,69.5
61.5,70.5
61.5,71.5
61.5,72.5
61.5,73.5
61.5,74.5
61.5,75.5
61.5,76.5
61.5,77.5
61.5,78.5
61.5,79.5
61.5,80.5
61.5,81.5
62.5,37.5
62.5,38.5
62.5,39.5
62.5,40.5
62.5,41.5
62.5,42.5
62.5,43.5
62.5,44.5
62.5,45.5
62.5,46.5
62.5,47.5
62.5,48.5
62.5,49.5
62.5,50.5
62.5,51.5
62.5,52.5
62.5,53.5
62.5,54.5
62.5,55.5
62.5,56.5
62.5,57.5
62.5,58.5
62.5,59.5
62.5,60.5
62.5,61.5
62.5,62.5
62.5,63.5
62.5,64.5
62.5,65.5
62.5,66.5
62.5,67.5
62.5,68.5
62.5,69.5
62.5,70.5
62.5,71.5
62.5,72.5
62.5,73.5
62.5,74.5
62.5,75.5
62.5,76.5
62.5,77.5
62.5,78.5
62.5,79.5
62.5,80.5
62.5,81.5
63.5,37.5
63.5,38.5
63.5,39.5
63.5,40.5
63.5,41.5
63.5,42.5
63.5,43.5
63.5,44.5
63.5,45.5
63.5,46.5
63.5,47.5
63.5,48.5
63.5,49.5
63.5,50.5
63.5,51.5
63.5,52.5
63.5,53.5
63.5,54.5
63.5,55.5
63.5,56.5
63.5,57.5
63.5,58.5
63.5,59.5
63.5,60.5
63.5,61.5
63.5,62.5
63.5,63.5
63.5,64.5
63.5,65.5
63.5,66.5
63.5,67.5
63.5,68.5
63.5,69.5
63.5,70.5
63.5,71.5
63.5,72.5
63.5,73.5
63.5,74.5
63.5,75.5
63.5,76.5
63.5,77.5
63.5,78.5
63.5,79.5
63.5,80.5
63.5,81.5
64.5,37.5
64.5,38.5
64.5,39.5
64.5,40.5
64.5,41.5
64.5,42.5
64.5,43.5
64.5,44.5
64.5,45.5
64.5,46.5
64.5,47.5
64.5,48.5
64.5,49.5
64.5,50.5
64.5,51.5
64.5,52.5
64.5,53.5
64.5,54.5
64.5,55.5
64.5,56.5
64.5,57.5
64.5,58.5
64.5,59.5
64.5,60.5
64.5,61.5
64.5,62.5
64.5,63.5
64.5,64.5
64.5,65.5
64.5,66.5
64.5,67.5
64.5,68.5
64.5,69.5
64.5,70.5
64.5,71.5
64.5,72.5
64.5,73.5
64.5,74.5
64.5,75.5
64.5,76.5
64.5,77.5
64.5,78.5
64.5,79.5
64.5,80.5
64.5,81.5
65.5,37.5
65.5,38.5
65.5,39.5
65.5,40.5
65.5,41.5
65.5,42.5
65.5,43.5
65.5,44.5
65.5,45.5
65.5,46.5
65.5,47.5
65.5,48.5
65.5,49.5
65.5,50.5
65.5,51.5
65.5,52.5
65.5,53.5
65.5,54.5
65.5,55.5
65.5,56.5
65.5,57.5
65.5,58.5
65.5,59.5
65.5,60.5
65.5,61.5
65.5,62.5
65.5,63.5
65.5,64.5
65.5,65.5
65.5,66.5
65.5,67.5
65.5,68.5
65.5,69.5
65.5,70.5
65.5,71.5
65.5,72.5
65.5,73.5
65.5,74.5
65.5,75.5
65.5,76.5
65.5,77.5
65.5,78.5
65.5,79.5
65.5,80.5
65.5,81.5
66.5,37.5
66.5,38.5
66.5,39.5
66.5,40.5
66.5,41.5
66.5,42.5
66.5,43.5
66.5,44.5
66.5,45.5
66.5,46.5
66.5,47.5
66.5,48.5
66.5,49.5
66.5,50.5
66.5,51.5
66.5,52.5
66.5,53.5
66.5,54.5
66.5,55.5
66.5,56.5
66.5,57.5
66.5,58.5
66.5,59.5
66.5,60.5
66.5,61.5
66.5,62.5
66.5,63.5
66.5,64.5
66.5,65.5
66.5,66.5
66.5,67.5
66.5,68.5
66.5,69.5
66.5,70.5
66.5,71.5
66.5,72.5
66.5,73.5
66.5,74.5
66.5,75.5
66.5,76.5
66.5,77.5
66.5,78.5
66.5,79.5
66.5,80.5
66.5,81.5
67.5,37.5
67.5,38.5
67.5,39.5
67.5,40.5
67.5,41.5
67.5,42.5
67.5,43.5
67.5,44.5
67.5,45.5
67.5,46.5
67.5,47.5
67.5,48.5
67.5,49.5
67.5,50.5
67.5,51.5
67.5,52.5
67.5,53.5
67.5,54.5
67.5,55.5
67.5,56.5
67.5,57.5
67.5,58.5
67.5,59.5
67.5,60.5
67.5,61.5
67.5,62.5
67.5,63.5
67.5,64.5
67.5,65.5
67.5,66.5
67.5,67.5
67.5,68.5
67.5,69.5
67.5,70.5
67.5,71.5
67.5,72.5
67.5,73.5
67.5,74.5
67.5,75.5
67.5,76.5
67.5,77.5
67.5,78.5
67.5,79.5
67.5,80.5
67.5,81.5
68.5,37.5
68.5,38.5
68.5,39.5
68.5,40.5
68.5,41.5
68.5,42.5
68.5,43.5
68.5,44.5
68.5,45.5
68.5,46.5
68.5,47.5
68.5,48.5
68.5,49.5
68.5,50.5
68.5,51.5
68.5,52.5
68.5,53.5
68.5,54.5
68.5,55.5
68.5,56.5
68.5,57.5
68.5,58.5
68.5,59.5
68.5,60.5
68.5,61.5
68.5,62.5
68.5,63.5
68.5,64.5
68.5,65.5
68.5,66.5
68.5,67.5
68.5,68.5
68.5,69.5
68.5,70.5
68.5,71.5
68.5,72.5
68.5,73.5
68.5,74.5
68.5,75.5
68.5,76.5
68.5,77.5
68.5,78.5
68.5,79.5
68.5,80.5
68.5,81.5
69.5,37.5
69.5,38.5
69.5,39.5
69.5,40.5
69.5,41.5
69.5,42.5
69.5,43.5
69.5,44.5
69.5,45.5
69.5,46.5
69.5,47.5
69.5,48.5
69.5,49.5
69.5,50.5
69.5,51.5
69.5,52.5
69.5,53.5
69.5,54.5
69.5,55.5
69.5,56.5
69.5,57.5
69.5,58.5
69.5,59.5
69.5,60.5
69.5,61.5
69.5,62.5
69.5,63.5
69.5,64.5
69.5,65.5
69.5,66.5
69.5,67.5
69.5,68.5
69.5,69.5
69.5,70.5
69.5,71.5
69.5,72.5
69.5,73.5
69.5,74.5
69.5,75.5
69.5,76.5
69.5,77.5
69.5,78.5
69.5,79.5
69.5,80.5
69.5,81.5
70.5,37.5
70.5,38.5
70.5,39.5
70.5,40.5
70.5,41.5
70.5,42.5
70.5,43.5
70.5,44.5
70.5,45.5
70.5,46.5
70.5,47.5
70.5,48.5
70.5,49.5
70.5,50.5
70.5,51.5
70.5,52.5
70.5,53.5
70.5,54.5
70.5,55.5
70.5,56.5
70.5,57.5
70.5,58.5
70.5,59.5
70.5,60.5
70.5,61.5
70.5,62.5
70.5,63.5
70.5,64.5
70.5,65.5
70.5,66.5
70.5,67.5
70.5,68.5
70.5,69.5
70.5,70.5
70.5,71.5
70.5,72.5
70.5,73.5
70.5,74.5
70.5,75.5
70.5,76.5
70.5,77.5
70.5,78.5
70.5,79.5
70.5,80.5
70.5,81.5
71.5,37.5
71.5,38.5
71.5,39.5
71.5,40.5
71.5,41.5
71.5,42.5
71.5,43.5
71.5,44.5
71.5,45.5
71.5,46.5
71.5,47.5
71.5,48.5
71.5,49.5
71.5,50.5
71.5,51.5
71.5,52.5
71.5,53.5
71.5,54.5
71.5,55.5
71.5,56.5
71.5,57.5
71.5,58.5
71.5,59.5
71.5,60.5
71.5,61.5
71.5,62.5
71.5,63.5
71.5,64.5
71.5,65.5
71.5,66.5
71.5,67.5
71.5,68.5
71.5,69.5
71.5,70.5
71.5,71.5
71.5,72.5
71.5,73.5
71.5,74.5
71.5,75.5
71.5,76.5
71.5,77.5
71.5,78.5
71.5,79.5
71.5,80.5
71.5,81.5
72.5,37.5
72.5,38.5
72.5,39.5
72.5,40.5
72.5,41.5
72.5,42.5
72.5,43.5
72.5,44.5
72.5,45.5
72.5,46.5
72.5,47.5
72.5,48.5
72.5,49.5
72.5,50.5
72.5,51.5
72.5,52.5
72.5,53.5
72.5,54.5
72.5,55.5
72.5,56.5
72.5,57.5
72.5,58.5
72.5,59.5
72.5,60.5
72.5,61.5
72.5,62.5
72.5,63.5
72.5,64.5
72.5,65.5
72.5,66.5
72.5,67.5
72.5,68.5
72.5,69.5
72.5,70.5
72.5,71.5
72.5,72.5
72.5,73.5
72.5,74.5
72.5,75.5
72.5,76.5
72.5,77.5
72.5,78.5
72.5,79.5
72.5,80.5
72.5,81.5
73.5,37.5
73.5,38.5
73.5,39.5
73.5,40.5
73.5,41.5
73.5,42.5
73.5,43.5
73.5,44.5
73.5,45.5
73.5,46.5
73.5,47.5
73.5,48.5
73.5,49.5
73.5,50.5
73.5,51.5
73.5,52.5
73.5,53.5
73.5,54.5
73.5,55.5
73.5,56.5
73.5,57.5
73.5,58.5
73.5,59.5
73.5,60.5
73.5,61.5
73.5,62.5
73.5,63.5
73.5,64.5
73.5,65.5
73.5,66.5
73.5,67.5
73.5,68.5
73.5,69.5
73.5,70.5
73.5,71.5
73.5,72.5
73.5,73.5
73.5,74.5
73.5,75.5
73.5,76.5
73.5,77.5
73.5,78.5
73.5,79.5
73.5,80.5
73.5,81.5
74.5,37.5
74.5,38.5
74.5,39.5
74.5,40.5
74.5,41.5
74.5,42.5
74.5,43.5
74.5,44.5
74.5,45.5
74.5,46.5
74.5,47.5
74.5,48.5
74.5,49.5
74.5,50.5
74.5,51.5
74.5,52.5
74.5,53.5
74.5,54.5
74.5,55.5
74.5,56.5
74.5,57.5
74.5,58.5
74.5,59.5
74.5,60.5
74.5,61.5
74.5,62.5
74.5,63.5
74.5,64.5
74.5,65.5
74.5,66.5
74.5,67.5
74.5,68.5
74.5,69.5
74.5,70.5
74.5,71.5
74.5,72.5
74.5,73.5
74.5,74.5
74.5,75.5
74.5,76.5
74.5,77.5
74.5,78.5
74.5,79.5
74.5,80.5
74.5,81.5
75.5,37.5
75.5,38.5
75.5,39.5
75.5,40.5
75.5,41.5
75.5,42.5
75.5,43.5
75.5,44.5
75.5,45.5
75.5,46.5
75.5,47.5
75.5,48.5
75.5,49.5
75.5,50.5
75.5,51.5
75.5,52.5
75.5,53.5
75.5,54.5
75.5,55.5
75.5,56.5
75.5,57.5
75.5,58.5
75.5,59.5
75.5,60.5
75.5,61.5
75.5,62.5
75.5,63.5
75.5,64.5
75.5,65.5
75.5,66.5
75.5,67.5
75.5,68.5
75.5,69.5
75.5,70.5
75.5,71.5
75.5,72.5
75.5,73.5
75.5,74.5
75.5,75.5
75.5,76.5
75.5,77.5
75.5,78.5
75.5,79.5
75.5,80.5
75.5,81.5
76.5,37.5
76.5,38.5
76.5,39.5
76.5,40.5
76.5,41.5
76.5,42.5
76.5,43.5
76.5,44.5
76.5,45.5
76.5,46.5
76.5,47.5
76.5,48.5
76.5,49.5
76.5,50.5
76.5,51.5
76.5,52.5
76.5,53.5
76.5,54.5
76.5,55.5
76.5,56.5
76.5,57.5
76.5,58.5
76.5,59.5
76.5,60.5
76.5,61.5
76.5,62.5
76.5,63.5
76.5,64.5
76.5,65.5
76.5,66.5
76.5,67.5
76.5,68.5
76.5,69.5
76.5,70.5
76.5,71.5
76.5,72.5
76.5,73.5
76.5,74.5
76.5,75.5
76.5,76.5
76.5,77.5
76.5,78.5
76.5,79.5
76.5,80.5
76.5,81.5
77.5,37.5
77.5,38.5
77.5,39.5
77.5,40.5
77.5,41.5
77.5,42.5
77.5,43.5
77.5,44.5
77.5,45.5
77.5,46.5
77.5,47.5
77.5,48.5
77.5,49.5
77.5,50.5
77.5,51.5
77.5,52.5
77.5,53.5
77.5,54.5
77.5,55.5
77.5,56.5
77.5,57.5
77.5,58.5
77.5,59.5
77.5,60.5
77.5,61.5
77.5,62.5
77.5,63.5
77.5,64.5
77.5,65.5
77.5,66.5
77.5,67.5
77.5,68.5
77.5,69.5
77.5,70.5
77.5,71.5
77.5,72.5
77.5,73.5
77.5,74.5
77.5,75.5
77.5,76.5
77.5,77.5
77.5,78.5
77.5,79.5
77.5,80.5
77.5,81.5
78.5,37.5
78.5,38.5
78.5,39.5
78.5,40.5
78.5,41.5
78.5,42.5
78.5,43.5
78.5,44.5
78.5,45.5
78.5,46.5
78.5,47.5
78.5,48.5
78.5,49.5
78.5,50.5
78.5,51.5
78.5,52.5
78.5,53.5
78.5,54.5
78.5,55.5
78.5,56.5
78.5,57.5
78.5,58.5
78.5,59.5
78.5,60.5
78.5,61.5
78.5,62.5
78.5,63.5
78.5,64.5
78.5,65.5
78.5,66.5
78.5,67.5
78.5,68.5
78.5,69.5
78.5,70.5
78.5,71.5
78.5,72.5
78.5,73.5
78.5,74.5
78.5,75.5
78.5,76.5
78.5,77.5
78.5,78.5
78.5,79.5
78.5,80.5
78.5,81.5
79.5,37.5
79.5,38.5
79.5,39.5
79.5,40.5
79.5,41.5
79.5,42.5
79.5,43.5
79.5,44.5
79.5,45.5
79.5,46.5
79.5,47.5
79.5,48.5
79.5,49.5
79.5,50.5
79.5,51.5
79.5,52.5
79.5,53.5
79.5,54.5
79.5,55.5
79.5,56.5
79.5,57.5
79.5,58.5
79.5,59.5
79.5,60.5
79.5,61.5
79.5,62.5
79.5,63.5
79.5,64.5
79.5,65.5
79.5,66.5
79.5,67.5
79.5,68.5
79.5,69.5
79.5,70.5
79.5,71.5
79.5,72.5
79.5,73.5
79.5,74.5
79.5,75.5
79.5,76.5
79.5,77.5
79.5,78.5
79.5,79.5
79.5,80.5
79.5,81.5
80.5,37.5
80.5,38.5
80.5,39.5
80.5,40.5
80.5,41.5
80.5,42.5
80.5,43.5
80.5,44.5
80.5,45.5
80.5,46.5
80.5,47.5
80.5,48.5
80.5,49.5
80.5,50.5
80.5,51.5
80.5,52.5
80.5,53.5
80.5,54.5
80.5,55.5
80.5,56.5
80.5,57.5
80.5,58.5
80.5,59.5
80.5,60.5
80.5,61.5
80.5,62.5
80.5,63.5
80.5,64.5
80.5,65.5
80.5,66.5
80.5,67.5
80.5,68.5
80.5,69.5
80.5,70.5
80.5,71.5
80.5,72.5
80.5,73.5
80.5,74.5
80.5,75.5
80.5,76.5
80.5,77.5
80.5,78.5
80.5,79.5
80.5,80.5
80.5,81.5
81.5,37.5
81.5,38.5
81.5,39.5
81.5,40.5
81.5,41.5
81.5,42.5
81.5,43.5
81.5,44.5
81.5,45.5
81.5,46.5
81.5,47.5
81.5,48.5
81.5,49.5
81.5,50.5
81.5,51.5
81.5,52.5
81.5,53.5
81.5,54.5
81.5,55.5
81.5,56.5
81.5,57.5
81.5,58.5
81.5,59.5
81.5,60.5
81.5,61.5
81.5,62.5
81.5,63.5
81.5,64.5
81.5,65.5
81.5,66.5
81.5,67.5
81.5,68.5
81.5,69.5
81.5,70.5
81.5,71.5
81.5,72.5
81.5,73.5
81.5,74.5
81.5,75.5
81.5,76.5
81.5,77.5
81.5,78.5
81.5,79.5
81.5,80.5
81.5,81.5
82.5,37.5
82.5,38.5
82.5,39.5
82.5,40.5
82.5,41.5
82.5,42.5
82.5,43.5
82.5,44.5
82.5,45.5
82.5,46.5
82.5,47.5
82.5,48.5
82.5,49.5
82.5,50.5
82.5,51.5
82.5,52.5
82.5,53.5
82.5,54.5
82.5,55.5
82.5,56.5
82.5,57.5
82.5,58.5
82.5,59.5
82.5,60.5
82.5,61.5
82.5,62.5
82.5,63.5
82.5,64.5
82.5,65.5
82.5,66.5
82.5,67.5
82.5,68.5
82.5,69.5
82.5,70.5
82.5,71.5
82.5,72.5
82.5,73.5
82.5,74.5
82.5,75.5
82.5,76.5
82.5,77.5
82.5,78.5
82.5,79.5
82.5,80.5
82.5,81.5
83.5,37.5
83.5,38.5
83.5,39.5
83.5,40.5
83.5,41.5
83.5,42.5
83.5,43.5
83.5,44.5
83.5,45.5
83.5,46.5
83.5,47.5
83.5,48.5
83.5,49.5
83.5,50.5
83.5,51.5
83.5,52.5
83.5,53.5
83.5,54.5
83.5,55.5
83.5,56.5
83.5,57.5
83.5,58.5
83.5,59.5
83.5,60.5
83.5,61.5
83.5,62.5
83.5,63.5
83.5,64.5
83.5,65.5
83.5,66.5
83.5,67.5
83.5,68.5
83.5,69.5
83.5,70.5
83.5,71.5
83.5,72.5
83.5,73.5
83.5,74.5
83.5,75.5
83.5,76.5
83.5,77.5
83.5,78.5
83.5,79.5
83.5,80.5
83.5,81.5
84.5,37.5
84.5,38.5
84.5,39.5
84.5,40.5
84.5,41.5
84.5,42.5
84.5,43.5
84.5,44.5
84.5,45.5
84.5,46.5
84.5,47.5
84.5,48.5
84.5,49.5
84.5,50.5
84.5,51.5
84.5,52.5
84.5,53.5
84.5,54.5
84.5,55.5
84.5,56.5
84.5,57.5
84.5,58.5
84.5,59.5
84.5,60.5
84.5,61.5
84.5,62.5
84.5,63.5
84.5,64.5
84.5,65.5
84.5,66.5
84.5,67.5
84.5,68.5
84.5,69.5
84.5,70.5
84.5,71.5
84.5,72.5
84.5,73.5
84.5,74.5
84.5,75.5
84.5,76.5
84.5,77.5
84.5,78.5
84.5,79.5
84.5,80.5
84.5,81.5
85.5,37.5
85.5,38.5
85.5,39.5
85.5,40.5
85.5,41.5
85.5,42.5
85.5,43.5
85.5,44.5
85.5,45.5
85.5,46.5
85.5,47.5
85.5,48.5
85.5,49.5
85.5,50.5
85.5,51.5
85.5,52.5
85.5,53.5
85.5,54.5
85.5,55.5
85.5,56.5
85.5,57.5
85.5,58.5
85.5,59.5
85.5,60.5
85.5,61.5
85.5,62.5
85.5,63.5
85.5,64.5
85.5,65.5
85.5,66.5
85.5,67.5
85.5,68.5
85.5,69.5
85.5,70.5
85.5,71.5
85.5,72.5
85.5,73.5
85.5,74.5
85.5,75.5
85.5,76.5
85.5,77.5
85.5,78.5
85.5,79.5
85.5,80.5
85.5,81.5
86.5,37.5
86.5,38.5
86.5,39.5
86.5,40.5
86.5,41.5
86.5,42.5
86.5,43.5
86.5,44.5
86.5,45.5
86.5,46.5
86.5,47.5
86.5,48.5
86.5,49.5
86.5,50.5
86.5,51.5
86.5,52.5
86.5,53.5
86.5,54.5
86.5,55.5
86.5,56.5
86.5,57.5
86.5,58.5
86.5,59.5
86.5,60.5
86.5,61.5
86.5,62.5
86.5,63.5
86.5,64.5
86.5,65.5
86.5,66.5
86.5,67.5
86.5,68.5
86.5,69.5
86.5,70.5
86.5,71.5
86.5,72.5
86.5,73.5
86.5,74.5
86.5,75.5
86.5,76.5
86.5,77.5
86.5,78.5
86.5,79.5
86.5,80.5
86.5,81.5
87.5,37.5
87.5,38.5
87.5,39.5
87.5,40.5
87.5,41.5
87.5,42.5
87.5,43.5
87.5,44.5
87.5,45.5
87.5,46.5
87.5,47.5
87.5,48.5
87.5,49.5
87.5,50.5
87.5,51.5
87.5,52.5
87.5,53.5
87.5,54.5
87.5,55.5
87.5,56.5
87.5,57.5
87.5,58.5
87.5,59.5
87.5,60.5
87.5,61.5
87.5,62.5
87.5,63.5
87.5,64.5
87.5,65.5
87.5,66.5
87.5,67.5
87.5,68.5
87.5,69.5
87.5,70.5
87.5,71.5
87.5,72.5
87.5,73.5
87.5,74.5
87.5,75.5
87.5,76.5
87.5,77.5
87.5,78.5
87.5,79.5
87.5,80.5
87.5,81.5
88.5,37.5
88.5,38.5
88.5,39.5
88.5,40.5
88.5,41.5
88.5,42.5
88.5,43.5
88.5,44.5
88.5,45.5
88.5,46.5
88.5,47.5
88.5,48.5
88.5,49.5
88.5,50.5
88.5,51.5
88.5,52.5
88.5,53.5
88.5,54.5
88.5,55.5
88.5,56.5
88.5,57.5
88.5,58.5
88.5,59.5
88.5,60.5
88.5,61.5
88.5,62.5
88.5,63.5
88.5,64.5
88.5,65.5
88.5,66.5
88.5,67.5
88.5,68.5
88.5,69.5
88.5,70.5
88.5,71.5
88.5,72.5
88.5,73.5
88.5,74.5
88.5,75.5
88.5,76.5
88.5,77.5
88.5,78.5
88.5,79.5
88.5,80.5
88.5,81.5
89.5,37.5
89.5,38.5
89.5,39.5
89.5,40.5
89.5,41.5
89.5,42.5
89.5,43.5
89.5,44.5
89.5,45.5
89.5,46.5
89.5,47.5
89.5,48.5
89.5,49.5
89.5,50.5
89.5,51.5
89.5,52.5
89.5,53.5
89.5,54.5
89.5,55.5
89.5,56.5
89.5,57.5
89.5,58.5
89.5,59.5
89.5,60.5
89.5,61.5
89.5,62.5
89.5,63.5
89.5,64.5
89.5,65.5
89.5,66.5
89.5,67.5
89.5,68.5
89.5,69.5
89.5,70.5
89.5,71.5
89.5,72.5
89.5,73.5
89.5,74.5
89.5,75.5
89.5,76.5
89.5,77.5
89.5,78.5
89.5,79.5
89.5,80.5
89.5,81.5
90.5,37.5
90.5,38.5
90.5,39.5
90.5,40.5
90.5,41.5
90.5,42.5
90.5,43.5
90.5,44.5
90.5,45.5
90.5,46.5
90.5,47.5
90.5,48.5
90.5,49.5
90.5,50.5
90.5,51.5
90.5,52.5
90.5,53.5
90.5,54.5
90.5,55.5
90.5,56.5
90.5,57.5
90.5,58.5
90.5,59.5
90.5,60.5
90.5,61.5
90.5,62.5
90.5,63.5
90.5,64.5
90.5,65.5
90.5,66.5
90.5,67.5
90.5,68.5
90.5,69.5
90.5,70.5
90.5,71.5
90.5,72.5
90.5,73.5
90.5,74.5
90.5,75.5
90.5,76.5
90.5,77.5
90.5,78.5
90.5,79.5
90.5,80.5
90.5,81.5
91.5,37.5
91.5,38.5
91.5,39.5
91.5,40.5
91.5,41.5
91.5,42.5
91.5,43.5
91.5,44.5
91.5,45.5
91.5,46.5
91.5,47.5
91.5,48.5
91.5,49.5
91.5,50.5
91.5,51.5
91.5,52.5
91.5,53.5
91.5,54.5
91.5,55.5
91.5,56.5
91.5,57.5
91.5,58.5
91.5,59.5
91.5,60.5
91.5,61.5
91.5,62.5
91.5,63.5
91.5,64.5
91.5,65.5
91.5,66.5
91.5,67.5
91.5,68.5
91.5,69.5
91.5,70.5
91.5,71.5
91.5,72.5
91.5,73.5
91.5,74.5
91.5,75.5
91.5,76.5
91.5,77.5
91.5,78.5
91.5,79.5
91.5,80.5
91.5,81.5
92.5,37.5
92.5,38.5
92.5,39.5
92.5,40.5
92.5,41.5
92.5,42.5
92.5,43.5
92.5,44.5
92.5,45.5
92.5,46.5
92.5,47.5
92.5,48.5
92.5,49.5
92.5,50.5
92.5,51.5
92.5,52.5
92.5,53.5
92.5,54.5
92.5,55.5
92.5,56.5
92.5,57.5
92.5,58.5
92.5,59.5
92.5,60.5
92.5,61.5
92.5,62.5
92.5,63.5
92.5,64.5
92.5,65.5
92.5,66.5
92.5,67.5
92.5,68.5
92.5,69.5
92.5,70.5
92.5,71.5
92.5,72.5
92.5,73.5
92.5,74.5
92.5,75.5
92.5,76.5
92.5,77.5
92.5,78.5
92.5,79.5
92.5,80.5
92.5,81.5
93.5,37.5
93.5,38.5
93.5,39.5
93.5,40.5
93.5,41.5
93.5,42.5
93.5,43.5
93.5,44.5
93.5,45.5
93.5,46.5
93.5,47.5
93.5,48.5
93.5,49.5
93.5,50.5
93.5,51.5
93.5,52.5
93.5,53.5
93.5,54.5
93.5,55.5
93.5,56.5
93.5,57.5
93.5,58.5
93.5,59.5
93.5,60.5
93.5,61.5
93.5,62.5
93.5,63.5
93.5,64.5
93.5,65.5
93.5,66.5
93.5,67.5
93.5,68.5
93.5,69.5
93.5,70.5
93.5,71.5
93.5,72.5
93.5,73.5
93.5,74.5
93.5,75.5
93.5,76.5
93.5,77.5
93.5,78.5
93.5,79.5
93.5,80.5
93.5,81.5
94.5,37.5
94.5,38.5
94.5,39.5
94.5,40.5
94.5,41.5
94.5,42.5
94.5,43.5
94.5,44.5
94.5,45.5
94.5,46.5
94.5,47.5
94.5,48.5
94.5,49.5
94.5,50.5
94.5,51.5
94.5,52.5
94.5,53.5
94.5,54.5
94.5,55.5
94.5,56.5
94.5,57.5
94.5,58.5
94.5,59.5
94.5,60.5
94.5,61.5
94.5,62.5
94.5,63.5
94.5,64.5
94.5,65.5
94.5,66.5
94.5,67.5
94.5,68.5
94.5,69.5
94.5,70.5
94.5,71.5
94.5,72.5
94.5,73.5
94.5,74.5
94.5,75.5
94.5,76.5
94.5,77.5
94.5,78.5
94.5,79.5
94.5,80.5
94.5,81.5
95.5,37.5
95.5,38.5
95.5,39.5
95.5,40.5
95.5,41.5
95.5,42.5
95.5,43.5
95.5,44.5
95.5,45.5
95.5,46.5
95.5,47.5
95.5,48.5
95.5,49.5
95.5,50.5
95.5,51.5
95.5,52.5
95.5,53.5
95.5,54.5
95.5,55.5
95.5,56.5
95.5,57.5
95.5,58.5
95.5,59.5
95.5,60.5
95.5,61.5
95.5,62.5
95.5,63.5
95.5,64.5
95.5,65.5
95.5,66.5
95.5,67.5
95.5,68.5
95.5,69.5
95.5,70.5
95.5,71.5
95.5,72.5
95.5,73.5
95.5,74.5
95.5,75.5
95.5,76.5
95.5,77.5
95.5,78.5
95.5,79.5
95.5,80.5
95.5,81.5
96.5,37.5
96.5,38.5
96.5,39.5
96.5,40.5
96.5,41.5
96.5,42.5
96.5,43.5
96.5,44.5
96.5,45.5
96.5,46.5
96.5,47.5
96.5,48.5
96.5,49.5
96.5,50.5
96.5,51.5
96.5,52.5
96.5,53.5
96.5,54.5
96.5,55.5
96.5,56.5
96.5,57.5
96.5,58.5
96.5,59.5
96.5,60.5
96.5,61.5
96.5,62.5
96.5,63.5
96.5,64.5
96.5,65.5
96.5,66.5
96.5,67.5
96.5,68.5
96.5,69.5
96.5,70.5
96.5,71.5
96.5,72.5
96.5,73.5
96.5,74.5
96.5,75.5
96.5,76.5
96.5,77.5
96.5,78.5
96.5,79.5
96.5,80.5
96.5,81.5
97.5,37.5
97.5,38.5
97.5,39.5
97.5,40.5
97.5,41.5
97.5,42.5
97.5,43.5
97.5,44.5
97.5,45.5
97.5,46.5
97.5,47.5
97.5,48.5
97.5,49.5
97.5,50.5
97.5,51.5
97.5,52.5
97.5,53.5
97.5,54.5
97.5,55.5
97.5,56.5
97.5,57.5
97.5,58.5
97.5,59.5
97.5,60.5
97.5,61.5
97.5,62.5
97.5,63.5
97.5,64.5
97.5,65.5
97.5,66.5
97.5,67.5
97.5,68.5
97.5,69.5
97.5,70.5
97.5,71.5
97.5,72.5
97.5,73.5
97.5,74.5
97.5,75.5
97.5,76.5
97.5,77.5
97.5,78.5
97.5,79.5
97.5,80.5
97.5,81.5
98.5,37.5
98.5,38.5
98.5,39.5
98.5,40.5
98.5,41.5
98.5,42.5
98.5,43.5
98.5,44.5
98.5,45.5
98.5,46.5
98.5,47.5
98.5,48.5
98.5,49.5
98.5,50.5
98.5,51.5
98.5,52.5
98.5,53.5
98.5,54.5
98.5,55.5
98.5,56.5
98.5,57.5
98.5,58.5
98.5,59.5
98.5,60.5
98.5,61.5
98.5,62.5
98.5,63.5
98.5,64.5
98.5,65.5
98.5,66.5
98.5,67.5
98.5,68.5
98.5,69.5
98.5,70.5
98.5,71.5
98.5,72.5
98.5,73.5
98.5,74.5
98.5,75.5
98.5,76.5
98.5,77.5
98.5,78.5
98.5,79.5
98.5,80.5
98.5,81.5
99.5,37.5
99.5,38.5
99.5,39.5
99.5,40.5
99.5,41.5
99.5,42.5
99.5,43.5
99.5,44.5
99.5,45.5
99.5,46.5
99.5,47.5
99.5,48.5
99.5,49.5
99.5,50.5
99.5,51.5
99.5,52.5
99.5,53.5
99.5,54.5
99.5,55.5
99.5,56.5
99.5,57.5
99.5,58.5
99.5,59.5
99.5,60.5
99.5,61.5
99.5,62.5
99.5,63.5
99.5,64.5
99.5,65.5
99.5,66.5
99.5,67.5
99.5,68.5
99.5,69.5
99.5,70.5
99.5,71.5
99.5,72.5
99.5,73.5
99.5,74.5
99.5,75.5
99.5,76.5
99.5,77.5
99.5,78.5
99.5,79.5
99.5,80.5
99.5,81.5
100.5,37.5
100.5,38.5
100.5,39.5
100.5,40.5
100.5,41.5
100.5,42.5
100.5,43.5
100.5,44.5
100.5,45.5
100.5,46.5
100.5,47.5
100.5,48.5
100.5,49.5
100.5,50.5
100.5,51.5
100.5,52.5
100.5,53.5
100.5,54.5
100.5,55.5
100.5,56.5
100.5,57.5
100.5,58.5
100.5,59.5
100.5,60.5
100.5,61.5
100.5,62.5
100.5,63.5
100.5,64.5
100.5,65.5
100.5,66.5
100.5,67.5
100.5,68.5
100.5,69.5
100.5,70.5
100.5,71.5
100.5,72.5
100.5,73.5
100.5,74.5
100.5,75.5
100.5,76.5
100.5,77.5
100.5,78.5
100.5,79.5
100.5,80.5
100.5,81.5
101.5,37.5
101.5,38.5
101.5,39.5
101.5,40.5
101.5,41.5
101.5,42.5
101.5,43.5
101.5,44.5
101.5,45.5
101.5,46.5
101.5,47.5
101.5,48.5
101.5,49.5
101.5,50.5
101.5,51.5
101.5,52.5
101.5,53.5
101.5,54.5
101.5,55.5
101.5,56.5
101.5,57.5
101.5,58.5
101.5,59.5
101.5,60.5
101.5,61.5
101.5,62.5
101.5,63.5
101.5,64.5
101.5,65.5
101.5,66.5
101.5,67.5
101.5,68.5
101.5,69.5
101.5,70.5
101.5,71.5
101.5,72.5
101.5,73.5
101.5,74.5
101.5,75.5
101.5,76.5
101.5,77.5
101.5,78.5
101.5,79.5
101.5,80.5
101.5,81.5
102.5,37.5
102.5,38.5
102.5,39.5
102.5,40.5
102.5,41.5
102.5,42.5
102.5,43.5
102.5,44.5
102.5,45.5
102.5,46.5
102.5,47.5
102.5,48.5
102.5,49.5
102.5,50.5
102.5,51.5
102.5,52.5
102.5,53.5
102.5,54.5
102.5,55.5
102.5,56.5
102.5,57.5
102.5,58.5
102.5,59.5
102.5,60.5
102.5,61.5
102.5,62.5
102.5,63.5
102.5,64.5
102.5,65.5
102.5,66.5
102.5,67.5
102.5,68.5
102.5,69.5
102.5,70.5
102.5,71.5
102.5,72.5
102.5,73.5
102.5,74.5
102.5,75.5
102.5,76.5
102.5,77.5
102.5,78.5
102.5,79.5
102.5,80.5
102.5,81.5
103.5,37.5
103.5,38.5
103.5,39.5
103.5,40.5
103.5,41.5
103.5,42.5
103.5,43.5
103.5,44.5
103.5,45.5
103.5,46.5
103.5,47.5
103.5,48.5
103.5,49.5
103.5,50.5
103.5,51.5
103.5,52.5
103.5,53.5
103.5,54.5
103.5,55.5
103.5,56.5
103.5,57.5
103.5,58.5
103.5,59.5
103.5,60.5
103.5,61.5
103.5,62.5
103.5,63.5
103.5,64.5
103.5,65.5
103.5,66.5
103.5,67.5
103.5,68.5
103.5,69.5
103.5,70.5
103.5,71.5
103.5,72.5
103.5,73.5
103.5,74.5
103.5,75.5
103.5,76.5
103.5,77.5
103.5,78.5
103.5,79.5
103.5,80.5
103.5,81.5
104.5,37.5
104.5,38.5
104.5,39.5
104.5,40.5
104.5,41.5
104.5,42.5
104.5,43.5
104.5,44.5
104.5,45.5
104.5,46.5
104.5,47.5
104.5,48.5
104.5,49.5
104.5,50.5
104.5,51.5
104.5,52.5
104.5,53.5
104.5,54.5
104.5,55.5
104.5,56.5
104.5,57.5
104.5,58.5
104.5,59.5
104.5,60.5
104.5,61.5
104.5,62.5
104.5,63.5
104.5,64.5
104.5,65.5
104.5,66.5
104.5,67.5
104.5,68.5
104.5,69.5
104.5,70.5
104.5,71.5
104.5,72.5
104.5,73.5
104.5,74.5
104.5,75.5
104.5,76.5
104.5,77.5
104.5,78.5
104.5,79.5
104.5,80.5
104.5,81.5
105.5,37.5
105.5,38.5
105.5,39.5
105.5,40.5
105.5,41.5
105.5,42.5
105.5,43.5
105.5,44.5
105.5,45.5
105.5,46.5
105.5,47.5
105.5,48.5
105.5,49.5
105.5,50.5
105.5,51.5
105.5,52.5
105.5,53.5
105.5,54.5
105.5,55.5
105.5,56.5
105.5,57.5
105.5,58.5
105.5,59.5
105.5,60.5
105.5,61.5
105.5,62.5
105.5,63.5
105.5,64.5
105.5,65.5
105.5,66.5
105.5,67.5
105.5,68.5
105.5,69.5
105.5,70.5
105.5,71.5
105.5,72.5
105.5,73.5
105.5,74.5
105.5,75.5
105.5,76.5
105.5,77.5
105.5,78.5
105.5,79.5
105.5,80.5
105.5,81.5
106.5,37.5
106.5,38.5
106.5,39.5
106.5,40.5
106.5,41.5
106.5,42.5
106.5,43.5
106.5,44.5
106.5,45.5
106.5,46.5
106.5,47.5
106.5,48.5
106.5,49.5
106.5,50.5
106.5,51.5
106.5,52.5
106.5,53.5
106.5,54.5
106.5,55.5
106.5,56.5
106.5,57.5
106.5,58.5
106.5,59.5
106.5,60.5
106.5,61.5
106.5,62.5
106.5,63.5
106.5,64.5
106.5,65.5
106.5,66.5
106.5,67.5
106.5,68.5
106.5,69.5
106.5,70.5
106.5,71.5
106.5,72.5
106.5,73.5
106.5,74.5
106.5,75.5
106.5,76.5
106.5,77.5
106.5,78.5
106.5,79.5
106.5,80.5
106.5,81.5
107.5,37.5
107.5,38.5
107.5,39.5
107.5,40.5
107.5,41.5
107.5,42.5
107.5,43.5
107.5,44.5
107.5,45.5
107.5,46.5
107.5,47.5
107.5,48.5
107.5,49.5
107.5,50.5
107.5,51.5
107.5,52.5
107.5,53.5
107.5,54.5
107.5,55.5
107.5,56.5
107.5,57.5
107.5,58.5
107.5,59.5
107.5,60.5
107.5,61.5
107.5,62.5
107.5,63.5
107.5,64.5
107.5,65.5
107.5,66.5
107.5,67.5
107.5,68.5
107.5,69.5
107.5,70.5
107.5,71.5
107.5,72.5
107.5,73.5
107.5,74.5
107.5,75.5
107.5,76.5
107.5,77.5
107.5,78.5
107.5,79.5
107.5,80.5
107.5,81.5
108.5,37.5
108.5,38.5
108.5,39.5
108.5,40.5
108.5,41.5
108.5,42.5
108.5,43.5
108.5,44.5
108.5,45.5
108.5,46.5
108.5,47.5
108.5,48.5
108.5,49.5
108.5,50.5
108.5,51.5
108.5,52.5
108.5,53.5
108.5,54.5
108.5,55.5
108.5,56.5
108.5,57.5
108.5,58.5
108.5,59.5
108.5,60.5
108.5,61.5
108.5,62.5
108.5,63.5
108.5,64.5
108.5,65.5
108.5,66.5
108.5,67.5
108.5,68.5
108.5,69.5
108.5,70.5
108.5,71.5
108.5,72.5
108.5,73.5
108.5,74.5
108.5,75.5
108.5,76.5
108.5,77.5
108.5,78.5
109.5,37.5
109.5,38.5
109.5,39.5
109.5,40.5
109.5,41.5
109.5,42.5
109.5,43.5
109.5,44.5
109.5,45.5
109.5,46.5
109.5,47.5
109.5,48.5
109.5,49.5
109.5,50.5
109.5,51.5
109.5,52.5
109.5,53.5
109.5,54.5
109.5,55.5
109.5,56.5
109.5,57.5
109.5,58.5
109.5,59.5
109.5,60.5
109.5,61.5
109.5,62.5
109.5,63.5
109.5,64.5
109.5,65.5
109.5,66.5
109.5,67.5
109.5,68.5
109.5,69.5
109.5,70.5
109.5,71.5
109.5,72.5
109.5,73.5
109.5,74.5
109.5,75.5
109.5,76.5
109.5,77.5
109.5,78.5
110.5,37.5
110.5,38.5
110.5,39.5
110.5,40.5
110.5,41.5
110.5,42.5
110.5,43.5
110.5,44.5
110.5,45.5
110.5,46.5
110.5,47.5
110.5,48.5
110.5,49.5
110.5,50.5
110.5,51.5
110.5,52.5
110.5,53.5
110.5,54.5
110.5,55.5
110.5,56.5
110.5,57.5
110.5,58.5
110.5,59.5
110.5,60.5
110.5,61.5
110.5,62.5
110.5,63.5
110.5,64.5
110.5,65.5
110.5,66.5
110.5,67.5
110.5,68.5
110.5,69.5
110.5,70.5
110.5,71.5
110.5,72.5
110.5,73.5
110.5,74.5
110.5,75.5
110.5,76.5
110.5,77.5
110.5,78.5
111.5,37.5
111.5,38.5
111.5,39.5
111.5,40.5
111.5,41.5
111.5,42.5
111.5,43.5
111.5,44.5
111.5,45.5
111.5,46.5
111.5,47.5
111.5,48.5
111.5,49.5
111.5,50.5
111.5,51.5
111.5,52.5
111.5,53.5
111.5,54.5
111.5,55.5
111.5,56.5
111.5,57.5
111.5,58.5
111.5,59.5
111.5,60.5
111.5,61.5
111.5,62.5
111.5,63.5
111.5,64.5
111.5,65.5
111.5,66.5
111.5,67.5
111.5,68.5
111.5,69.5
111.5,70.5
111.5,71.5
111.5,72.5
111.5,73.5
111.5,74.5
111.5,75.5
111.5,76.5
111.5,77.5
111.5,78.5
112.5,37.5
112.5,38.5
112.5,39.5
112.5,40.5
112.5,41.5
112.5,42.5
112.5,43.5
112.5,44.5
112.5,45.5
112.5,46.5
112.5,47.5
112.5,48.5
112.5,49.5
112.5,50.5
112.5,51.5
112.5,52.5
112.5,53.5
112.5,54.5
112.5,55.5
112.5,56.5
112.5,57.5
112.5,58.5
112.5,59.5
112.5,60.5
112.5,61.5
112.5,62.5
112.5,63.5
112.5,64.5
112.5,65.5
112.5,66.5
112.5,67.5
112.5,68.5
112.5,69.5
112.5,70.5
112.5,71.5
112.5,72.5
112.5,73.5
112.5,74.5
112.5,75.5
112.5,76.5
112.5,77.5
112.5,78.5
113.5,37.5
113.5,38.5
113.5,39.5
113.5,40.5
113.5,41.5
113.5,42.5
113.5,43.5
113.5,44.5
113.5,45.5
113.5,46.5
113.5,47.5
113.5,48.5
113.5,49.5
113.5,50.5
113.5,51.5
113.5,52.5
113.5,53.5
113.5,54.5
113.5,55.5
113.5,56.5
113.5,57.5
113.5,58.5
113.5,59.5
113.5,60.5
113.5,61.5
113.5,62.5
113.5,63.5
113.5,64.5
113.5,65.5
113.5,66.5
113.5,67.5
113.5,68.5
113.5,69.5
113.5,70.5
113.5,71.5
113.5,72.5
113.5,73.5
113.5,74.5
113.5,75.5
113.5,76.5
113.5,77.5
113.5,78.5
114.5,37.5
114.5,38.5
114.5,39.5
114.5,40.5
114.5,41.5
114.5,42.5
114.5,43.5
114.5,44.5
114.5,45.5
114.5,46.5
114.5,47.5
114.5,48.5
114.5,49.5
114.5,50.5
114.5,51.5
114.5,52.5
114.5,53.5
114.5,54.5
114.5,55.5
114.5,56.5
114.5,57.5
114.5,58.5
114.5,59.5
114.5,60.5
114.5,61.5
114.5,62.5
114.5,63.5
114.5,64.5
114.5,65.5
114.5,66.5
114.5,67.5
114.5,68.5
114.5,69.5
114.5,70.5
114.5,71.5
114.5,72.5
114.5,73.5
114.5,74.5
114.5,75.5
114.5,76.5
114.5,77.5
114.5,78.5
115.5,37.5
115.5,38.5
115.5,39.5
115.5,40.5
115.5,41.5
115.5,42.5
115.5,43.5
115.5,44.5
115.5,45.5
115.5,46.5
115.5,47.5
115.5,48.5
115.5,49.5
115.5,50.5
115.5,51.5
115.5,52.5
115.5,53.5
115.5,54.5
115.5,55.5
115.5,56.5
115.5,57.5
115.5,58.5
115.5,59.5
115.5,60.5
115.5,61.5
115.5,62.5
115.5,63.5
115.5,64.5
115.5,65.5
115.5,66.5
115.5,67.5
115.5,68.5
115.5,69.5
115.5,70.5
115.5,71.5
115.5,72.5
115.5,73.5
115.5,74.5
115.5,75.5
115.5,76.5
115.5,77.5
115.5,78.5
116.5,37.5
116.5,38.5
116.5,39.5
116.5,40.5
116.5,41.5
116.5,42.5
116.5,43.5
116.5,44.5
116.5,45.5
116.5,46.5
116.5,47.5
116.5,48.5
116.5,49.5
116.5,50.5
116.5,51.5
116.5,52.5
116.5,53.5
116.5,54.5
116.5,55.5
116.5,56.5
116.5,57.5
116.5,58.5
116.5,59.5
116.5,60.5
116.5,61.5
116.5,62.5
116.5,63.5
116.5,64.5
116.5,65.5
116.5,66.5
116.5,67.5
116.5,68.5
116.5,69.5
116.5,70.5
116.5,71.5
116.5,72.5
116.5,73.5
116.5,74.5
116.5,75.5
116.5,76.5
116.5,77.5
116.5,78.5
117.5,37.5
117.5,38.5
117.5,39.5
117.5,40.5
117.5,41.5
117.5,42.5
117.5,43.5
117.5,44.5
117.5,45.5
117.5,46.5
117.5,47.5
117.5,48.5
117.5,49.5
117.5,50.5
117.5,51.5
117.5,52.5
117.5,53.5
117.5,54.5
117.5,55.5
117.5,56.5
117.5,57.5
117.5,58.5
117.5,59.5
117.5,60.5
117.5,61.5
117.5,62.5
117.5,63.5
117.5,64.5
117.5,65.5
117.5,66.5
117.5,67.5
117.5,68.5
117.5,69.5
117.5,70.5
117.5,71.5
117.5,72.5
117.5,73.5
117.5,74.5
117.5,75.5
117.5,76.5
117.5,77.5
117.5,78.5
118.5,37.5
118.5,38.5
118.5,39.5
118.5,40.5
118.5,41.5
118.5,42.5
118.5,43.5
118.5,44.5
118.5,45.5
118.5,46.5
118.5,47.5
118.5,48.5
118.5,49.5
118.5,50.5
118.5,51.5
118.5,52.5
118.5,53.5
118.5,54.5
118.5,55.5
118.5,56.5
118.5,57.5
118.5,58.5
118.5,59.5
118.5,60.5
118.5,61.5
118.5,62.5
118.5,63.5
118.5,64.5
118.5,65.5
118.5,66.5
118.5,67.5
118.5,68.5
118.5,69.5
118.5,70.5
118.5,71.5
118.5,72.5
118.5,73.5
118.5,74.5
118.5,75.5
118.5,76.5
118.5,77.5
118.5,78.5
119.5,37.5
119.5,38.5
119.5,39.5
119.5,40.5
119.5,41.5
119.5,42.5
119.5,43.5
119.5,44.5
119.5,45.5
119.5,46.5
119.5,47.5
119.5,48.5
119.5,49.5
119.5,50.5
119.5,51.5
119.5,52.5
119.5,53.5
119.5,54.5
119.5,55.5
119.5,56.5
119.5,57.5
119.5,58.5
119.5,59.5
119.5,60.5
119.5,61.5
119.5,62.5
119.5,63.5
119.5,64.5
119.5,65.5
119.5,66.5
119.5,67.5
119.5,68.5
119.5,69.5
119.5,70.5
119.5,71.5
119.5,72.5
119.5,73.5
119.5,74.5
119.5,75.5
119.5,76.5
120.5,37.5
120.5,38.5
120.5,39.5
120.5,40.5
120.5,41.5
120.5,42.5
120.5,43.5
120.5,44.5
120.5,45.5
120.5,46.5
120.5,47.5
120.5,48.5
120.5,49.5
120.5,50.5
120.5,51.5
120.5,52.5
120.5,53.5
120.5,54.5
120.5,55.5
120.5,56.5
120.5,57.5
120.5,58.5
120.5,59.5
120.5,60.5
120.5,61.5
120.5,62.5
120.5,63.5
120.5,64.5
120.5,65.5
120.5,66.5
120.5,67.5
120.5,68.5
120.5,69.5
120.5,70.5
120.5,71.5
120.5,72.5
120.5,73.5
120.5,74.5
120.5,75.5
120.5,76.5
121.5,37.5
121.5,38.5
121.5,39.5
121.5,40.5
121.5,41.5
121.5,42.5
121.5,43.5
121.5,44.5
121.5,45.5
121.5,46.5
121.5,47.5
121.5,48.5
121.5,49.5
121.5,50.5
121.5,51.5
121.5,52.5
121.5,53.5
121.5,54.5
121.5,55.5
121.5,56.5
121.5,57.5
121.5,58.5
121.5,59.5
121.5,60.5
121.5,61.5
121.5,62.5
121.5,63.5
121.5,64.5
121.5,65.5
121.5,66.5
121.5,67.5
121.5,68.5
121.5,69.5
121.5,70.5
121.5,71.5
121.5,72.5
121.5,73.5
121.5,74.5
121.5,75.5
121.5,76.5
122.5,37.5
122.5,38.5
122.5,39.5
122.5,40.5
122.5,41.5
122.5,42.5
122.5,43.5
122.5,44.5
122.5,45.5
122.5,46.5
122.5,47.5
122.5,48.5
122.5,49.5
122.5,50.5
122.5,51.5
122.5,52.5
122.5,53.5
122.5,54.5
122.5,55.5
122.5,56.5
122.5,57.5
122.5,58.5
122.5,59.5
122.5,60.5
122.5,61.5
122.5,62.5
122.5,63.5
122.5,64.5
122.5,65.5
122.5,66.5
122.5,67.5
122.5,68.5
122.5,69.5
122.5,70.5
122.5,71.5
122.5,72.5
122.5,73.5
122.5,74.5
122.5,75.5
122.5,76.5
123.5,37.5
123.5,38.5
123.5,39.5
123.5,40.5
123.5,41.5
123.5,42.5
123.5,43.5
123.5,44.5
123.5,45.5
123.5,46.5
123.5,47.5
123.5,48.5
123.5,49.5
123.5,50.5
123.5,51.5
123.5,52.5
123.5,53.5
123.5,54.5
123.5,55.5
123.5,56.5
123.5,57.5
123.5,58.5
123.5,59.5
123.5,60.5
123.5,61.5
123.5,62.5
123.5,63.5
123.5,64.5
123.5,65.5
123.5,66.5
123.5,67.5
123.5,68.5
123.5,69.5
123.5,70.5
123.5,71.5
123.5,72.5
123.5,73.5
123.5,74.5
123.5,75.5
123.5,76.5
124.5,37.5
124.5,38.5
124.5,39.5
124.5,40.5
124.5,41.5
124.5,42.5
124.5,43.5
124.5,44.5
124.5,45.5
124.5,46.5
124.5,47.5
124.5,48.5
124.5,49.5
124.5,50.5
124.5,51.5
124.5,52.5
124.5,53.5
124.5,54.5
124.5,55.5
124.5,56.5
124.5,57.5
124.5,58.5
124.5,59.5
124.5,60.5
124.5,61.5
124.5,62.5
124.5,63.5
124.5,64.5
124.5,65.5
124.5,66.5
124.5,67.5
124.5,68.5
124.5,69.5
124.5,70.5
124.5,71.5
124.5,72.5
124.5,73.5
124.5,74.5
124.5,75.5
124.5,76.5
125.5,37.5
125.5,38.5
125.5,39.5
125.5,40.5
125.5,41.5
125.5,42.5
125.5,43.5
125.5,44.5
125.5,45.5
125.5,46.5
125.5,47.5
125.5,48.5
125.5,49.5
125.5,50.5
125.5,51.5
125.5,52.5
125.5,53.5
125.5,54.5
125.5,55.5
125.5,56.5
125.5,57.5
125.5,58.5
125.5,59.5
125.5,60.5
125.5,61.5
125.5,62.5
125.5,63.5
125.5,64.5
125.5,65.5
125.5,66.5
125.5,67.5
125.5,68.5
125.5,69.5
125.5,70.5
125.5,71.5
125.5,72.5
125.5,73.5
125.5,74.5
125.5,75.5
125.5,76.5
126.5,37.5
126.5,38.5
126.5,39.5
126.5,40.5
126.5,41.5
126.5,42.5
126.5,43.5
126.5,44.5
126.5,45.5
126.5,46.5
126.5,47.5
126.5,48.5
126.5,49.5
126.5,50.5
126.5,51.5
126.5,52.5
126.5,53.5
126.5,54.5
126.5,55.5
126.5,56.5
126.5,57.5
126.5,58.5
126.5,59.5
126.5,60.5
126.5,61.5
126.5,62.5
126.5,63.5
126.5,64.5
126.5,65.5
126.5,66.5
126.5,67.5
126.5,68.5
126.5,69.5
126.5,70.5
126.5,71.5
126.5,72.5
126.5,73.5
126.5,74.5
126.5,75.5
126.5,76.5
127.5,37.5
127.5,38.5
127.5,39.5
127.5,40.5
127.5,41.5
127.5,42.5
127.5,43.5
127.5,44.5
127.5,45.5
127.5,46.5
127.5,47.5
127.5,48.5
127.5,49.5
127.5,50.5
127.5,51.5
127.5,52.5
127.5,53.5
127.5,54.5
127.5,55.5
127.5,56.5
127.5,57.5
127.5,58.5
127.5,59.5
127.5,60.5
127.5,61.5
127.5,62.5
127.5,63.5
127.5,64.5
127.5,65.5
127.5,66.5
127.5,67.5
127.5,68.5
127.5,69.5
127.5,70.5
127.5,71.5
127.5,72.5
127.5,73.5
127.5,74.5
127.5,75.5
127.5,76.5
128.5,37.5
128.5,38.5
128.5,39.5
128.5,40.5
128.5,41.5
128.5,42.5
128.5,43.5
128.5,44.5
128.5,45.5
128.5,46.5
128.5,47.5
128.5,48.5
128.5,49.5
128.5,50.5
128.5,51.5
128.5,52.5
128.5,53.5
128.5,54.5
128.5,55.5
128.5,56.5
128.5,57.5
128.5,58.5
128.5,59.5
128.5,60.5
128.5,61.5
128.5,62.5
128.5,63.5
128.5,64.5
128.5,65.5
128.5,66.5
128.5,67.5
128.5,68.5
128.5,69.5
128.5,70.5
128.5,71.5
128.5,72.5
128.5,73.5
128.5,74.5
128.5,75.5
128.5,76.5
129.5,37.5
129.5,38.5
129.5,39.5
129.5,40.5
129.5,41.5
129.5,42.5
129.5,43.5
129.5,44.5
129.5,45.5
129.5,46.5
129.5,47.5
129.5,48.5
129.5,49.5
129.5,50.5
129.5,51.5
129.5,52.5
129.5,53.5
129.5,54.5
129.5,55.5
129.5,56.5
129.5,57.5
129.5,58.5
129.5,59.5
129.5,60.5
129.5,61.5
129.5,62.5
129.5,63.5
129.5,64.5
129.5,65.5
129.5,66.5
129.5,67.5
129.5,68.5
129.5,69.5
129.5,70.5
129.5,71.5
129.5,72.5
129.5,73.5
129.5,74.5
129.5,75.5
129.5,76.5
130.5,41.5
130.5,42.5
130.5,43.5
130.5,44.5
130.5,45.5
130.5,46.5
130.5,47.5
130.5,48.5
130.5,49.5
130.5,50.5
130.5,51.5
130.5,52.5
130.5,53.5
130.5,54.5
130.5,55.5
130.5,56.5
130.5,57.5
130.5,58.5
130.5,59.5
130.5,60.5
130.5,61.5
130.5,62.5
130.5,63.5
130.5,64.5
130.5,65.5
130.5,66.5
130.5,67.5
130.5,68.5
130.5,69.5
130.5,70.5
130.5,71.5
130.5,72.5
130.5,73.5
130.5,74.5
130.5,75.5
130.5,76.5
130.5,77.5
130.5,78.5
131.5,41.5
131.5,42.5
131.5,43.5
131.5,44.5
131.5,45.5
131.5,46.5
131.5,47.5
131.5,48.5
131.5,49.5
131.5,50.5
131.5,51.5
131.5,52.5
131.5,53.5
131.5,54.5
131.5,55.5
131.5,56.5
131.5,57.5
131.5,58.5
131.5,59.5
131.5,60.5
131.5,61.5
131.5,62.5
131.5,63.5
131.5,64.5
131.5,65.5
131.5,66.5
131.5,67.5
131.5,68.5
131.5,69.5
131.5,70.5
131.5,71.5
131.5,72.5
131.5,73.5
131.5,74.5
131.5,75.5
131.5,76.5
131.5,77.5
131.5,78.5
132.5,41.5
132.5,42.5
132.5,43.5
132.5,44.5
132.5,45.5
132.5,46.5
132.5,47.5
132.5,48.5
132.5,49.5
132.5,50.5
132.5,51.5
132.5,52.5
132.5,53.5
132.5,54.5
132.5,55.5
132.5,56.5
132.5,57.5
132.5,58.5
132.5,59.5
132.5,60.5
132.5,61.5
132.5,62.5
132.5,63.5
132.5,64.5
132.5,65.5
132.5,66.5
132.5,67.5
132.5,68.5
132.5,69.5
132.5,70.5
132.5,71.5
132.5,72.5
132.5,73.5
132.5,74.5
132.5,75.5
132.5,76.5
132.5,77.5
132.5,78.5
133.5,41.5
133.5,42.5
133.5,43.5
133.5,44.5
133.5,45.5
133.5,46.5
133.5,47.5
133.5,48.5
133.5,49.5
133.5,50.5
133.5,51.5
133.5,52.5
133.5,53.5
133.5,54.5
133.5,55.5
133.5,56.5
133.5,57.5
133.5,58.5
133.5,59.5
133.5,60.5
133.5,61.5
133.5,62.5
133.5,63.5
133.5,64.5
133.5,65.5
133.5,66.5
133.5,67.5
133.5,68.5
133.5,69.5
133.5,70.5
133.5,71.5
133.5,72.5
133.5,73.5
133.5,74.5
133.5,75.5
133.5,76.5
133.5,77.5
133.5,78.5
134.5,43.5
134.5,44.5
134.5,45.5
134.5,46.5
134.5,47.5
134.5,48.5
134.5,49.5
134.5,50.5
134.5,51.5
134.5,52.5
134.5,53.5
134.5,54.5
134.5,55.5
134.5,56.5
134.5,57.5
134.5,58.5
134.5,59.5
134.5,60.5
134.5,61.5
134.5,62.5
134.5,63.5
134.5,64.5
134.5,65.5
134.5,66.5
134.5,67.5
134.5,68.5
134.5,69.5
134.5,70.5
134.5,71.5
134.5,72.5
134.5,73.5
134.5,74.5
134.5,75.5
134.5,76.5
134.5,77.5
134.5,78.5
135.5,43.5
135.5,44.5
135.5,45.5
135.5,46.5
135.5,47.5
135.5,48.5
135.5,49.5
135.5,50.5
135.5,51.5
135.5,52.5
135.5,53.5
135.5,54.5
135.5,55.5
135.5,56.5
135.5,57.5
135.5,58.5
135.5,59.5
135.5,60.5
135.5,61.5
135.5,62.5
135.5,63.5
135.5,64.5
135.5,65.5
135.5,66.5
135.5,67.5
135.5,68.5
135.5,69.5
135.5,70.5
135.5,71.5
135.5,72.5
135.5,73.5
135.5,74.5
135.5,75.5
135.5,76.5
135.5,77.5
135.5,78.5
136.5,43.5
136.5,44.5
136.5,45.5
136.5,46.5
136.5,47.5
136.5,48.5
136.5,49.5
136.5,50.5
136.5,51.5
136.5,52.5
136.5,53.5
136.5,54.5
136.5,55.5
136.5,56.5
136.5,57.5
136.5,58.5
136.5,59.5
136.5,60.5
136.5,61.5
136.5,62.5
136.5,63.5
136.5,64.5
136.5,65.5
136.5,66.5
136.5,67.5
136.5,68.5
136.5,69.5
136.5,70.5
136.5,71.5
136.5,72.5
136.5,73.5
136.5,74.5
136.5,75.5
136.5,76.5
136.5,77.5
136.5,78.5
137.5,37.5
137.5,38.5
137.5,44.5
137.5,45.5
137.5,46.5
137.5,47.5
137.5,48.5
137.5,49.5
137.5,50.5
137.5,51.5
137.5,52.5
137.5,53.5
137.5,54.5
137.5,55.5
137.5,56.5
137.5,57.5
137.5,58.5
137.5,59.5
137.5,60.5
137.5,61.5
137.5,62.5
137.5,63.5
137.5,64.5
137.5,65.5
137.5,66.5
137.5,67.5
137.5,68.5
137.5,69.5
137.5,70.5
137.5,71.5
137.5,72.5
137.5,73.5
137.5,74.5
137.5,75.5
137.5,76.5
137.5,77.5
137.5,78.5
138.5,37.5
138.5,38.5
138.5,46.5
138.5,47.5
138.5,48.5
138.5,49.5
138.5,50.5
138.5,51.5
138.5,52.5
138.5,53.5
138.5,56.5
138.5,57.5
138.5,58.5
138.5,59.5
138.5,60.5
138.5,61.5
138.5,62.5
138.5,63.5
138.5,64.5
138.5,65.5
138.5,66.5
138.5,67.5
138.5,68.5
138.5,69.5
138.5,70.5
138.5,71.5
138.5,72.5
138.5,73.5
138.5,74.5
138.5,75.5
138.5,76.5
138.5,77.5
138.5,78.5
139.5,37.5
139.5,38.5
139.5,46.5
139.5,47.5
139.5,48.5
139.5,49.5
139.5,50.5
139.5,51.5
139.5,52.5
139.5,53.5
139.5,56.5
139.5,57.5
139.5,58.5
139.5,59.5
139.5,60.5
139.5,61.5
139.5,62.5
139.5,63.5
139.5,64.5
139.5,65.5
139.5,66.5
139.5,67.5
139.5,68.5
139.5,69.5
139.5,70.5
139.5,71.5
139.5,72.5
139.5,73.5
139.5,74.5
139.5,75.5
139.5,76.5
139.5,77.5
139.5,78.5
140.5,37.5
140.5,38.5
140.5,46.5
140.5,47.5
140.5,48.5
140.5,49.5
140.5,50.5
140.5,51.5
140.5,52.5
140.5,53.5
140.5,56.5
140.5,57.5
140.5,58.5
140.5,59.5
140.5,60.5
140.5,61.5
140.5,62.5
140.5,63.5
140.5,64.5
140.5,65.5
140.5,66.5
140.5,67.5
140.5,68.5
140.5,69.5
140.5,70.5
140.5,71.5
140.5,72.5
140.5,73.5
140.5,74.5
140.5,75.5
140.5,76.5
140.5,77.5
140.5,78.5
141.5,38.5
141.5,39.5
141.5,40.5
141.5,41.5
141.5,42.5
141.5,43.5
141.5,44.5
141.5,45.5
141.5,46.5
141.5,51.5
141.5,52.5
141.5,53.5
141.5,58.5
141.5,59.5
141.5,60.5
141.5,61.5
141.5,62.5
141.5,63.5
141.5,64.5
141.5,65.5
141.5,66.5
141.5,67.5
141.5,68.5
141.5,69.5
141.5,70.5
141.5,71.5
141.5,72.5
141.5,73.5
141.5,74.5
141.5,75.5
141.5,76.5
141.5,77.5
141.5,78.5
142.5,38.5
142.5,39.5
142.5,40.5
142.5,41.5
142.5,42.5
142.5,43.5
142.5,44.5
142.5,45.5
142.5,46.5
142.5,51.5
142.5,52.5
142.5,53.5
142.5,58.5
142.5,59.5
142.5,60.5
142.5,61.5
142.5,62.5
142.5,63.5
142.5,64.5
142.5,65.5
142.5,66.5
142.5,67.5
142.5,68.5
142.5,69.5
142.5,70.5
142.5,71.5
142.5,72.5
142.5,73.5
142.5,74.5
142.5,75.5
142.5,76.5
142.5,77.5
142.5,78.5
143.5,38.5
143.5,39.5
143.5,40.5
143.5,41.5
143.5,42.5
143.5,43.5
143.5,44.5
143.5,45.5
143.5,46.5
143.5,51.5
143.5,52.5
143.5,53.5
143.5,58.5
143.5,59.5
143.5,60.5
143.5,61.5
143.5,62.5
143.5,63.5
143.5,64.5
143.5,65.5
143.5,66.5
143.5,67.5
143.5,68.5
143.5,69.5
143.5,70.5
143.5,71.5
143.5,72.5
143.5,73.5
143.5,74.5
143.5,75.5
143.5,76.5
143.5,77.5
143.5,78.5
144.5,37.5
144.5,38.5
144.5,39.5
144.5,40.5
144.5,41.5
144.5,42.5
144.5,43.5
144.5,44.5
144.5,45.5
144.5,46.5
144.5,51.5
144.5,52.5
144.5,53.5
144.5,58.5
144.5,59.5
144.5,60.5
144.5,61.5
144.5,62.5
144.5,63.5
144.5,64.5
144.5,65.5
144.5,66.5
144.5,67.5
144.5,68.5
144.5,69.5
144.5,70.5
144.5,71.5
144.5,72.5
144.5,73.5
144.5,74.5
144.5,75.5
144.5,76.5
144.5,77.5
144.5,78.5
145.5,37.5
145.5,38.5
145.5,39.5
145.5,40.5
145.5,41.5
145.5,42.5
145.5,43.5
145.5,44.5
145.5,45.5
145.5,46.5
145.5,58.5
145.5,59.5
145.5,60.5
145.5,61.5
145.5,62.5
145.5,63.5
145.5,64.5
145.5,65.5
145.5,66.5
145.5,67.5
145.5,68.5
145.5,69.5
145.5,70.5
145.5,71.5
145.5,72.5
145.5,73.5
145.5,74.5
145.5,75.5
145.5,76.5
145.5,77.5
145.5,78.5
146.5,58.5
146.5,59.5
146.5,60.5
146.5,61.5
146.5,62.5
146.5,63.5
146.5,64.5
146.5,65.5
146.5,66.5
146.5,67.5
146.5,68.5
146.5,69.5
146.5,70.5
146.5,71.5
146.5,72.5
146.5,73.5
146.5,74.5
146.5,75.5
146.5,76.5
146.5,77.5
146.5,78.5
147.5,58.5
147.5,59.5
147.5,60.5
147.5,61.5
147.5,62.5
147.5,63.5
147.5,64.5
147.5,65.5
147.5,66.5
147.5,67.5
147.5,68.5
147.5,69.5
147.5,70.5
147.5,71.5
147.5,72.5
147.5,73.5
147.5,74.5
147.5,75.5
147.5,76.5
147.5,77.5
147.5,78.5
148.5,58.5
148.5,59.5
148.5,60.5
148.5,61.5
148.5,62.5
148.5,63.5
148.5,64.5
148.5,65.5
148.5,66.5
148.5,67.5
148.5,68.5
148.5,69.5
148.5,70.5
148.5,71.5
148.5,72.5
148.5,73.5
148.5,74.5
148.5,75.5
148.5,76.5
148.5,77.5
148.5,78.5
149.5,58.5
149.5,59.5
149.5,60.5
149.5,61.5
149.5,62.5
149.5,63.5
149.5,64.5
149.5,65.5
149.5,66.5
149.5,67.5
149.5,68.5
149.5,69.5
149.5,70.5
149.5,71.5
149.5,72.5
149.5,73.5
149.5,74.5
149.5,75.5
149.5,76.5
149.5,77.5
149.5,78.5
150.5,58.5
150.5,59.5
150.5,60.5
150.5,61.5
150.5,62.5
150.5,63.5
150.5,64.5
150.5,65.5
150.5,66.5
150.5,67.5
150.5,68.5
150.5,69.5
150.5,70.5
150.5,71.5
150.5,72.5
150.5,73.5
150.5,74.5
150.5,75.5
150.5,76.5
150.5,77.5
150.5,78.5
151.5,58.5
151.5,59.5
151.5,60.5
151.5,61.5
151.5,62.5
151.5,63.5
151.5,64.5
151.5,65.5
151.5,66.5
151.5,67.5
151.5,68.5
151.5,69.5
151.5,70.5
151.5,71.5
151.5,72.5
151.5,73.5
151.5,74.5
151.5,75.5
151.5,76.5
151.5,77.5
151.5,78.5
152.5,58.5
152.5,59.5
152.5,60.5
152.5,61.5
152.5,62.5
152.5,63.5
152.5,64.5
152.5,65.5
152.5,66.5
152.5,67.5
152.5,68.5
152.5,69.5
152.5,70.5
152.5,71.5
152.5,72.5
152.5,73.5
152.5,74.5
152.5,75.5
152.5,76.5
152.5,77.5
152.5,78.5
153.5,58.5
153.5,59.5
153.5,60.5
153.5,61.5
153.5,62.5
153.5,63.5
153.5,64.5
153.5,65.5
153.5,66.5
153.5,67.5
153.5,68.5
153.5,69.5
153.5,70.5
153.5,71.5
153.5,72.5
153.5,73.5
153.5,74.5
153.5,75.5
153.5,76.5
153.5,77.5
153.5,78.5
154.5,58.5
154.5,59.5
154.5,60.5
154.5,61.5
154.5,62.5
154.5,63.5
154.5,64.5
154.5,65.5
154.5,66.5
154.5,67.5
154.5,68.5
154.5,69.5
154.5,70.5
154.5,71.5
154.5,72.5
154.5,73.5
154.5,74.5
154.5,75.5
154.5,76.5
154.5,77.5
154.5,78.5
155.5,58.5
155.5,59.5
155.5,60.5
155.5,61.5
155.5,62.5
155.5,63.5
155.5,64.5
155.5,65.5
155.5,66.5
155.5,67.5
155.5,68.5
155.5,69.5
155.5,70.5
155.5,71.5
155.5,72.5
155.5,73.5
155.5,74.5
155.5,75.5
155.5,76.5
155.5,77.5
155.5,78.5
156.5,51.5
156.5,52.5
156.5,53.5
156.5,54.5
156.5,55.5
156.5,56.5
156.5,61.5
156.5,62.5
156.5,63.5
156.5,64.5
156.5,65.5
156.5,66.5
156.5,67.5
156.5,68.5
156.5,69.5
156.5,70.5
156.5,71.5
156.5,72.5
156.5,73.5
156.5,74.5
156.5,75.5
156.5,76.5
156.5,77.5
156.5,78.5
157.5,51.5
157.5,52.5
157.5,53.5
157.5,54.5
157.5,55.5
157.5,56.5
157.5,61.5
157.5,62.5
157.5,63.5
157.5,64.5
157.5,65.5
157.5,66.5
157.5,67.5
157.5,68.5
157.5,69.5
157.5,70.5
157.5,71.5
157.5,72.5
157.5,73.5
157.5,74.5
157.5,75.5
157.5,76.5
157.5,77.5
157.5,78.5
158.5,51.5
158.5,52.5
158.5,53.5
158.5,54.5
158.5,55.5
158.5,56.5
158.5,61.5
158.5,62.5
158.5,63.5
158.5,64.5
158.5,65.5
158.5,66.5
158.5,67.5
158.5,68.5
158.5,69.5
158.5,70.5
158.5,71.5
158.5,72.5
158.5,73.5
158.5,74.5
158.5,75.5
158.5,76.5
158.5,77.5
158.5,78.5
159.5,51.5
159.5,52.5
159.5,53.5
159.5,54.5
159.5,55.5
159.5,56.5
159.5,61.5
159.5,62.5
159.5,63.5
159.5,64.5
159.5,65.5
159.5,66.5
159.5,67.5
159.5,68.5
159.5,69.5
159.5,70.5
159.5,71.5
159.5,72.5
159.5,73.5
159.5,74.5
159.5,75.5
159.5,76.5
159.5,77.5
159.5,78.5
160.5,53.5
160.5,54.5
160.5,55.5
160.5,56.5
160.5,57.5
160.5,58.5
160.5,59.5
160.5,60.5
160.5,61.5
160.5,62.5
160.5,63.5
160.5,64.5
160.5,65.5
160.5,66.5
160.5,67.5
160.5,68.5
160.5,69.5
160.5,70.5
160.5,71.5
160.5,72.5
160.5,73.5
160.5,74.5
160.5,75.5
160.5,76.5
160.5,77.5
160.5,78.5
161.5,53.5
161.5,54.5
161.5,55.5
161.5,56.5
161.5,57.5
161.5,58.5
161.5,59.5
161.5,60.5
161.5,61.5
161.5,62.5
161.5,63.5
161.5,64.5
161.5,65.5
161.5,66.5
161.5,67.5
161.5,68.5
161.5,69.5
161.5,70.5
161.5,71.5
161.5,72.5
161.5,73.5
161.5,74.5
161.5,75.5
161.5,76.5
161.5,77.5
161.5,78.5
162.5,53.5
162.5,54.5
162.5,55.5
162.5,56.5
162.5,57.5
162.5,58.5
162.5,59.5
162.5,60.5
162.5,61.5
162.5,62.5
162.5,63.5
162.5,64.5
162.5,65.5
162.5,66.5
162.5,67.5
162.5,68.5
162.5,69.5
162.5,70.5
162.5,71.5
162.5,72.5
162.5,73.5
162.5,74.5
162.5,75.5
162.5,76.5
162.5,77.5
162.5,78.5
163.5,53.5
163.5,54.5
163.5,55.5
163.5,56.5
163.5,57.5
163.5,58.5
163.5,59.5
163.5,60.5
163.5,61.5
163.5,62.5
163.5,63.5
163.5,64.5
163.5,65.5
163.5,66.5
163.5,67.5
163.5,68.5
163.5,69.5
163.5,70.5
163.5,71.5
163.5,72.5
163.5,73.5
163.5,74.5
163.5,75.5
163.5,76.5
163.5,77.5
163.5,78.5
164.5,58.5
164.5,59.5
164.5,60.5
164.5,61.5
164.5,62.5
164.5,63.5
164.5,64.5
164.5,65.5
164.5,66.5
164.5,67.5
164.5,68.5
164.5,69.5
164.5,70.5
164.5,71.5
164.5,72.5
164.5,73.5
164.5,74.5
164.5,75.5
164.5,76.5
165.5,58.5
165.5,59.5
165.5,60.5
165.5,61.5
165.5,62.5
165.5,63.5
165.5,64.5
165.5,65.5
165.5,66.5
165.5,67.5
165.5,68.5
165.5,69.5
165.5,70.5
165.5,71.5
165.5,72.5
165.5,73.5
165.5,74.5
165.5,75.5
165.5,76.5
166.5,58.5
166.5,59.5
166.5,60.5
166.5,61.5
166.5,62.5
166.5,63.5
166.5,64.5
166.5,65.5
166.5,66.5
166.5,67.5
166.5,68.5
166.5,69.5
166.5,70.5
166.5,71.5
166.5,72.5
166.5,73.5
166.5,74.5
166.5,75.5
166.5,76.5
167.5,59.5
167.5,60.5
167.5,61.5
167.5,62.5
167.5,63.5
167.5,64.5
167.5,65.5
167.5,66.5
167.5,67.5
167.5,68.5
167.5,69.5
167.5,70.5
167.5,71.5
167.5,72.5
167.5,73.5
167.5,74.5
167.5,75.5
167.5,76.5
168.5,61.5
168.5,62.5
168.5,63.5
168.5,64.5
168.5,65.5
168.5,66.5
168.5,67.5
168.5,68.5
168.5,69.5
168.5,70.5
168.5,71.5
168.5,72.5
168.5,73.5
168.5,74.5
168.5,75.5
168.5,76.5
169.5,61.5
169.5,62.5
169.5,63.5
169.5,64.5
169.5,65.5
169.5,66.5
169.5,67.5
169.5,68.5
169.5,69.5
169.5,70.5
169.5,71.5
169.5,72.5
169.5,73.5
169.5,74.5
169.5,75.5
169.5,76.5
170.5,61.5
170.5,62.5
170.5,63.5
170.5,64.5
170.5,65.5
170.5,66.5
170.5,67.5
170.5,68.5
170.5,69.5
170.5,70.5
170.5,71.5
170.5,72.5
170.5,73.5
170.5,74.5
170.5,75.5
170.5,76.5
171.5,61.5
171.5,62.5
171.5,63.5
171.5,64.5
171.5,65.5
171.5,66.5
171.5,67.5
171.5,68.5
171.5,69.5
171.5,70.5
171.5,71.5
171.5,72.5
171.5,73.5
171.5,74.5
171.5,75.5
171.5,76.5
172.5,61.5
172.5,62.5
172.5,63.5
172.5,64.5
172.5,65.5
172.5,66.5
172.5,67.5
172.5,68.5
172.5,69.5
172.5,70.5
172.5,71.5
172.5,72.5
172.5,73.5
172.5,74.5
172.5,75.5
172.5,76.5
173.5,61.5
173.5,62.5
173.5,63.5
173.5,64.5
173.5,65.5
173.5,66.5
173.5,67.5
173.5,68.5
173.5,69.5
173.5,70.5
173.5,71.5
173.5,72.5
173.5,73.5
173.5,74.5
173.5,75.5
173.5,76.5
174.5,61.5
174.5,62.5
174.5,63.5
174.5,64.5
174.5,65.5
174.5,66.5
174.5,67.5
174.5,68.5
174.5,69.5
174.5,70.5
174.5,71.5
174.5,72.5
174.5,73.5
174.5,74.5
174.5,75.5
174.5,76.5
175.5,61.5
175.5,62.5
175.5,63.5
175.5,64.5
175.5,65.5
175.5,66.5
175.5,67.5
175.5,68.5
175.5,69.5
175.5,70.5
175.5,71.5
175.5,72.5
175.5,73.5
175.5,74.5
175.5,75.5
175.5,76.5
176.5,61.5
176.5,62.5
176.5,63.5
176.5,64.5
176.5,65.5
176.5,66.5
176.5,67.5
176.5,68.5
176.5,69.5
176.5,70.5
176.5,71.5
176.5,72.5
176.5,73.5
176.5,74.5
176.5,75.5
176.5,76.5
177.5,61.5
177.5,62.5
177.5,63.5
177.5,64.5
177.5,65.5
177.5,66.5
177.5,67.5
177.5,68.5
177.5,69.5
177.5,70.5
177.5,71.5
177.5,72.5
177.5,73.5
177.5,74.5
177.5,75.5
177.5,76.5
178.5,61.5
178.5,62.5
178.5,63.5
178.5,64.5
178.5,65.5
178.5,66.5
178.5,67.5
178.5,68.5
178.5,69.5
178.5,70.5
178.5,71.5
178.5,72.5
178.5,73.5
178.5,74.5
178.5,75.5
178.5,76.5
179.5,61.5
179.5,62.5
179.5,63.5
179.5,64.5
179.5,65.5
179.5,66.5
179.5,67.5
179.5,68.5
179.5,69.5
179.5,70.5
179.5,71.5
179.5,72.5
179.5,73.5
